idEvent,idEpisode
1433,1440
1434,1440
1435,1440
1436,1440
1437,1440
1438,1440
1439,1440
9413,1440
9524,1440
1441,1444
1442,1444
1443,1444
1445,1450
1446,1450
1447,1450
1448,1450
1449,1450
1451,1464
1452,1464
1453,1464
1454,1464
1455,1464
1456,1464
1457,1464
1458,1464
1459,1464
1460,1464
1461,1464
1462,1464
1463,1464
1465,1478
1466,1478
1467,1478
1468,1478
1469,1478
1470,1478
1471,1478
1472,1478
1473,1478
1474,1478
1475,1478
1476,1478
1477,1478
1479,1492
1480,1492
1481,1492
1482,1492
1483,1492
1484,1492
1485,1492
1486,1492
1487,1492
1488,1492
1489,1492
1490,1492
1491,1492
1493,1502
1494,1502
1495,1502
1496,1502
1497,1502
1498,1502
1499,1502
1500,1502
1501,1502
1503,1517
1504,1517
1505,1517
1506,1517
1507,1517
1508,1517
1509,1517
1510,1517
1511,1517
1512,1517
1513,1517
1514,1517
1515,1517
1516,1517
1518,1523
1519,1523
1520,1523
1521,1523
1522,1523
1524,1526
1525,1526
1527,1535
1528,1535
1529,1535
1530,1535
1531,1535
1532,1535
1533,1535
1534,1535
1536,1544
1537,1544
1538,1544
1539,1544
1540,1544
1541,1544
1542,1544
1543,1544
9414,1544
1545,1550
1546,1550
1547,1550
1548,1550
1549,1550
1551,1560
1552,1560
1553,1560
1554,1560
1555,1560
1556,1560
1557,1560
1558,1560
1559,1560
1561,1574
1562,1574
1563,1574
1564,1574
1565,1574
1566,1574
1567,1574
1568,1574
1569,1574
1570,1574
1571,1574
1572,1574
1573,1574
1575,1582
1576,1582
1577,1582
1578,1582
1579,1582
1580,1582
1581,1582
1583,1585
1584,1585
1586,1596
1587,1596
1588,1596
1589,1596
1590,1596
1591,1596
1592,1596
1593,1596
1594,1596
1595,1596
1597,1602
1598,1602
1599,1602
1600,1602
1601,1602
1603,1614
1604,1614
1605,1614
1606,1614
1607,1614
1608,1614
1609,1614
1610,1614
1611,1614
1612,1614
1613,1614
1615,1618
1616,1618
1617,1618
1619,1631
1620,1631
1621,1631
1622,1631
1623,1631
1624,1631
1625,1631
1626,1631
1627,1631
1628,1631
1629,1631
1630,1631
9415,1631
9525,1631
1632,1634
1633,1634
1635,1644
1636,1644
1637,1644
1638,1644
1639,1644
1640,1644
1641,1644
1642,1644
1643,1644
1645,1650
1646,1650
1647,1650
1648,1650
1649,1650
1651,1656
1652,1656
1653,1656
1654,1656
1655,1656
1657,1671
1658,1671
1659,1671
1660,1671
1661,1671
1662,1671
1663,1671
1664,1671
1665,1671
1666,1671
1667,1671
1668,1671
1669,1671
1670,1671
1672,1674
1673,1674
1675,1678
1676,1678
1677,1678
1679,1688
1680,1688
1681,1688
1682,1688
1683,1688
1684,1688
1685,1688
1686,1688
1687,1688
1689,1696
1690,1696
1691,1696
1692,1696
1693,1696
1694,1696
1695,1696
1697,1704
1698,1704
1699,1704
1700,1704
1701,1704
1702,1704
1703,1704
1705,1713
1706,1713
1707,1713
1708,1713
1709,1713
1710,1713
1711,1713
1712,1713
1714,1719
1715,1719
1716,1719
1717,1719
1718,1719
1720,1729
1721,1729
1722,1729
1723,1729
1724,1729
1725,1729
1726,1729
1727,1729
1728,1729
1730,1734
1731,1734
1732,1734
1733,1734
1735,1746
1736,1746
1737,1746
1738,1746
1739,1746
1740,1746
1741,1746
1742,1746
1743,1746
1744,1746
1745,1746
1747,1752
1748,1752
1749,1752
1750,1752
1751,1752
1753,1758
1754,1758
1755,1758
1756,1758
1757,1758
1759,1761
1760,1761
1762,1767
1763,1767
1764,1767
1765,1767
1766,1767
1768,1775
1769,1775
1770,1775
1771,1775
1772,1775
1773,1775
1774,1775
1776,1779
1777,1779
1778,1779
1780,1787
1781,1787
1782,1787
1783,1787
1784,1787
1785,1787
1786,1787
1788,1795
1789,1795
1790,1795
1791,1795
1792,1795
1793,1795
1794,1795
1796,1801
1797,1801
1798,1801
1799,1801
1800,1801
1802,1809
1803,1809
1804,1809
1805,1809
1806,1809
1807,1809
1808,1809
1810,1819
1811,1819
1812,1819
1813,1819
1814,1819
1815,1819
1816,1819
1817,1819
1818,1819
1820,1823
1821,1823
1822,1823
1824,1827
1825,1827
1826,1827
1828,1835
1829,1835
1830,1835
1831,1835
1832,1835
1833,1835
1834,1835
1836,1846
1837,1846
1838,1846
1839,1846
1840,1846
1841,1846
1842,1846
1843,1846
1844,1846
1845,1846
1847,1854
1848,1854
1849,1854
1850,1854
1851,1854
1852,1854
1853,1854
1855,1858
1856,1858
1857,1858
1859,1861
1860,1861
1862,1869
1863,1869
1864,1869
1865,1869
1866,1869
1867,1869
1868,1869
1870,1881
1871,1881
1872,1881
1873,1881
1874,1881
1875,1881
1876,1881
1877,1881
1878,1881
1879,1881
1880,1881
1882,1885
1883,1885
1884,1885
1886,1891
1887,1891
1888,1891
1889,1891
1890,1891
1892,1895
1893,1895
1894,1895
1896,1908
1897,1908
1898,1908
1899,1908
1900,1908
1901,1908
1902,1908
1903,1908
1904,1908
1905,1908
1906,1908
1907,1908
9416,1908
1909,1914
1910,1914
1911,1914
1912,1914
1913,1914
1915,1926
1916,1926
1917,1926
1918,1926
1919,1926
1920,1926
1921,1926
1922,1926
1923,1926
1924,1926
1925,1926
1927,1940
1928,1940
1929,1940
1930,1940
1931,1940
1932,1940
1933,1940
1934,1940
1935,1940
1936,1940
1937,1940
1938,1940
1939,1940
1941,1944
1942,1944
1943,1944
1945,1959
1946,1959
1947,1959
1948,1959
1949,1959
1950,1959
1951,1959
1952,1959
1953,1959
1954,1959
1955,1959
1956,1959
1957,1959
1958,1959
1960,1964
1961,1964
1962,1964
1963,1964
1965,1970
1966,1970
1967,1970
1968,1970
1969,1970
1971,1973
1972,1973
1974,1978
1975,1978
1976,1978
1977,1978
1979,1982
1980,1982
1981,1982
1983,1990
1984,1990
1985,1990
1986,1990
1987,1990
1988,1990
1989,1990
1991,2006
1992,2006
1993,2006
1994,2006
1995,2006
1996,2006
1997,2006
1998,2006
1999,2006
2000,2006
2001,2006
2002,2006
2003,2006
2004,2006
2005,2006
9417,2006
9526,2006
2007,2020
2008,2020
2009,2020
2010,2020
2011,2020
2012,2020
2013,2020
2014,2020
2015,2020
2016,2020
2017,2020
2018,2020
2019,2020
2021,2023
2022,2023
2024,2039
2025,2039
2026,2039
2027,2039
2028,2039
2029,2039
2030,2039
2031,2039
2032,2039
2033,2039
2034,2039
2035,2039
2036,2039
2037,2039
2038,2039
2040,2053
2041,2053
2042,2053
2043,2053
2044,2053
2045,2053
2046,2053
2047,2053
2048,2053
2049,2053
2050,2053
2051,2053
2052,2053
2054,2059
2055,2059
2056,2059
2057,2059
2058,2059
2060,2067
2061,2067
2062,2067
2063,2067
2064,2067
2065,2067
2066,2067
2068,2081
2069,2081
2070,2081
2071,2081
2072,2081
2073,2081
2074,2081
2075,2081
2076,2081
2077,2081
2078,2081
2079,2081
2080,2081
2082,2088
2083,2088
2084,2088
2085,2088
2086,2088
2087,2088
2089,2102
2090,2102
2091,2102
2092,2102
2093,2102
2094,2102
2095,2102
2096,2102
2097,2102
2098,2102
2099,2102
2100,2102
2101,2102
2103,2112
2104,2112
2105,2112
2106,2112
2107,2112
2108,2112
2109,2112
2110,2112
2111,2112
2113,2118
2114,2118
2115,2118
2116,2118
2117,2118
2119,2127
2120,2127
2121,2127
2122,2127
2123,2127
2124,2127
2125,2127
2126,2127
2128,2130
2129,2130
2131,2134
2132,2134
2133,2134
2135,2138
2136,2138
2137,2138
2139,2143
2140,2143
2141,2143
2142,2143
2144,2146
2145,2146
2147,2156
2148,2156
2149,2156
2150,2156
2151,2156
2152,2156
2153,2156
2154,2156
2155,2156
2157,2160
2158,2160
2159,2160
2161,2168
2162,2168
2163,2168
2164,2168
2165,2168
2166,2168
2167,2168
2169,2174
2170,2174
2171,2174
2172,2174
2173,2174
2175,2177
2176,2177
2178,2183
2179,2183
2180,2183
2181,2183
2182,2183
2184,2187
2185,2187
2186,2187
2188,2190
2189,2190
2191,2202
2192,2202
2193,2202
2194,2202
2195,2202
2196,2202
2197,2202
2198,2202
2199,2202
2200,2202
2201,2202
2203,2206
2204,2206
2205,2206
2207,2218
2208,2218
2209,2218
2210,2218
2211,2218
2212,2218
2213,2218
2214,2218
2215,2218
2216,2218
2217,2218
2219,2224
2220,2224
2221,2224
2222,2224
2223,2224
2225,2232
2226,2232
2227,2232
2228,2232
2229,2232
2230,2232
2231,2232
2233,2240
2234,2240
2235,2240
2236,2240
2237,2240
2238,2240
2239,2240
2241,2246
2242,2246
2243,2246
2244,2246
2245,2246
2247,2254
2248,2254
2249,2254
2250,2254
2251,2254
2252,2254
2253,2254
2255,2258
2256,2258
2257,2258
2259,2272
2260,2272
2261,2272
2262,2272
2263,2272
2264,2272
2265,2272
2266,2272
2267,2272
2268,2272
2269,2272
2270,2272
2271,2272
2273,2278
2274,2278
2275,2278
2276,2278
2277,2278
2279,2286
2280,2286
2281,2286
2282,2286
2283,2286
2284,2286
2285,2286
2287,2295
2288,2295
2289,2295
2290,2295
2291,2295
2292,2295
2293,2295
2294,2295
2296,2298
2297,2298
2299,2304
2300,2304
2301,2304
2302,2304
2303,2304
2305,2316
2306,2316
2307,2316
2308,2316
2309,2316
2310,2316
2311,2316
2312,2316
2313,2316
2314,2316
2315,2316
2317,2319
2318,2319
2320,2333
2321,2333
2322,2333
2323,2333
2324,2333
2325,2333
2326,2333
2327,2333
2328,2333
2329,2333
2330,2333
2331,2333
2332,2333
2334,2336
2335,2336
2337,2344
2338,2344
2339,2344
2340,2344
2341,2344
2342,2344
2343,2344
2345,2358
2346,2358
2347,2358
2348,2358
2349,2358
2350,2358
2351,2358
2352,2358
2353,2358
2354,2358
2355,2358
2356,2358
2357,2358
2359,2366
2360,2366
2361,2366
2362,2366
2363,2366
2364,2366
2365,2366
2367,2369
2368,2369
2370,2374
2371,2374
2372,2374
2373,2374
2375,2389
2376,2389
2377,2389
2378,2389
2379,2389
2380,2389
2381,2389
2382,2389
2383,2389
2384,2389
2385,2389
2386,2389
2387,2389
2388,2389
2390,2403
2391,2403
2392,2403
2393,2403
2394,2403
2395,2403
2396,2403
2397,2403
2398,2403
2399,2403
2400,2403
2401,2403
2402,2403
2404,2415
2405,2415
2406,2415
2407,2415
2408,2415
2409,2415
2410,2415
2411,2415
2412,2415
2413,2415
2414,2415
2416,2419
2417,2419
2418,2419
2420,2425
2421,2425
2422,2425
2423,2425
2424,2425
2426,2431
2427,2431
2428,2431
2429,2431
2430,2431
2432,2437
2433,2437
2434,2437
2435,2437
2436,2437
2438,2440
2439,2440
2441,2456
2442,2456
2443,2456
2444,2456
2445,2456
2446,2456
2447,2456
2448,2456
2449,2456
2450,2456
2451,2456
2452,2456
2453,2456
2454,2456
2455,2456
2457,2459
2458,2459
2460,2462
2461,2462
2463,2472
2464,2472
2465,2472
2466,2472
2467,2472
2468,2472
2469,2472
2470,2472
2471,2472
2473,2486
2474,2486
2475,2486
2476,2486
2477,2486
2478,2486
2479,2486
2480,2486
2481,2486
2482,2486
2483,2486
2484,2486
2485,2486
2487,2492
2488,2492
2489,2492
2490,2492
2491,2492
2493,2499
2494,2499
2495,2499
2496,2499
2497,2499
2498,2499
2500,2513
2501,2513
2502,2513
2503,2513
2504,2513
2505,2513
2506,2513
2507,2513
2508,2513
2509,2513
2510,2513
2511,2513
2512,2513
2514,2523
2515,2523
2516,2523
2517,2523
2518,2523
2519,2523
2520,2523
2521,2523
2522,2523
2524,2535
2525,2535
2526,2535
2527,2535
2528,2535
2529,2535
2530,2535
2531,2535
2532,2535
2533,2535
2534,2535
2536,2545
2537,2545
2538,2545
2539,2545
2540,2545
2541,2545
2542,2545
2543,2545
2544,2545
2546,2551
2547,2551
2548,2551
2549,2551
2550,2551
2552,2557
2553,2557
2554,2557
2555,2557
2556,2557
2558,2563
2559,2563
2560,2563
2561,2563
2562,2563
2564,2571
2565,2571
2566,2571
2567,2571
2568,2571
2569,2571
2570,2571
2572,2574
2573,2574
2575,2577
2576,2577
2578,2583
2579,2583
2580,2583
2581,2583
2582,2583
2584,2586
2585,2586
2587,2598
2588,2598
2589,2598
2590,2598
2591,2598
2592,2598
2593,2598
2594,2598
2595,2598
2596,2598
2597,2598
2599,2601
2600,2601
2602,2616
2603,2616
2604,2616
2605,2616
2606,2616
2607,2616
2608,2616
2609,2616
2610,2616
2611,2616
2612,2616
2613,2616
2614,2616
2615,2616
2617,2624
2618,2624
2619,2624
2620,2624
2621,2624
2622,2624
2623,2624
2625,2630
2626,2630
2627,2630
2628,2630
2629,2630
2631,2640
2632,2640
2633,2640
2634,2640
2635,2640
2636,2640
2637,2640
2638,2640
2639,2640
2641,2643
2642,2643
2644,2648
2645,2648
2646,2648
2647,2648
2649,2651
2650,2651
2652,2661
2653,2661
2654,2661
2655,2661
2656,2661
2657,2661
2658,2661
2659,2661
2660,2661
2662,2671
2663,2671
2664,2671
2665,2671
2666,2671
2667,2671
2668,2671
2669,2671
2670,2671
2672,2677
2673,2677
2674,2677
2675,2677
2676,2677
2678,2691
2679,2691
2680,2691
2681,2691
2682,2691
2683,2691
2684,2691
2685,2691
2686,2691
2687,2691
2688,2691
2689,2691
2690,2691
2692,2705
2693,2705
2694,2705
2695,2705
2696,2705
2697,2705
2698,2705
2699,2705
2700,2705
2701,2705
2702,2705
2703,2705
2704,2705
2706,2711
2707,2711
2708,2711
2709,2711
2710,2711
2712,2714
2713,2714
2715,2717
2716,2717
2718,2726
2719,2726
2720,2726
2721,2726
2722,2726
2723,2726
2724,2726
2725,2726
2727,2732
2728,2732
2729,2732
2730,2732
2731,2732
2733,2739
2734,2739
2735,2739
2736,2739
2737,2739
2738,2739
2740,2751
2741,2751
2742,2751
2743,2751
2744,2751
2745,2751
2746,2751
2747,2751
2748,2751
2749,2751
2750,2751
2752,2759
2753,2759
2754,2759
2755,2759
2756,2759
2757,2759
2758,2759
2760,2771
2761,2771
2762,2771
2763,2771
2764,2771
2765,2771
2766,2771
2767,2771
2768,2771
2769,2771
2770,2771
2772,2786
2773,2786
2774,2786
2775,2786
2776,2786
2777,2786
2778,2786
2779,2786
2780,2786
2781,2786
2782,2786
2783,2786
2784,2786
2785,2786
2787,2789
2788,2789
2790,2803
2791,2803
2792,2803
2793,2803
2794,2803
2795,2803
2796,2803
2797,2803
2798,2803
2799,2803
2800,2803
2801,2803
2802,2803
2804,2809
2805,2809
2806,2809
2807,2809
2808,2809
2810,2817
2811,2817
2812,2817
2813,2817
2814,2817
2815,2817
2816,2817
2818,2825
2819,2825
2820,2825
2821,2825
2822,2825
2823,2825
2824,2825
2826,2828
2827,2828
2829,2841
2830,2841
2831,2841
2832,2841
2833,2841
2834,2841
2835,2841
2836,2841
2837,2841
2838,2841
2839,2841
2840,2841
2842,2845
2843,2845
2844,2845
2846,2848
2847,2848
2849,2856
2850,2856
2851,2856
2852,2856
2853,2856
2854,2856
2855,2856
2857,2864
2858,2864
2859,2864
2860,2864
2861,2864
2862,2864
2863,2864
2865,2870
2866,2870
2867,2870
2868,2870
2869,2870
2871,2884
2872,2884
2873,2884
2874,2884
2875,2884
2876,2884
2877,2884
2878,2884
2879,2884
2880,2884
2881,2884
2882,2884
2883,2884
2885,2887
2886,2887
2888,2895
2889,2895
2890,2895
2891,2895
2892,2895
2893,2895
2894,2895
2896,2910
2897,2910
2898,2910
2899,2910
2900,2910
2901,2910
2902,2910
2903,2910
2904,2910
2905,2910
2906,2910
2907,2910
2908,2910
2909,2910
9418,2910
9527,2910
2911,2918
2912,2918
2913,2918
2914,2918
2915,2918
2916,2918
2917,2918
2919,2931
2920,2931
2921,2931
2922,2931
2923,2931
2924,2931
2925,2931
2926,2931
2927,2931
2928,2931
2929,2931
2930,2931
2932,2941
2933,2941
2934,2941
2935,2941
2936,2941
2937,2941
2938,2941
2939,2941
2940,2941
2942,2946
2943,2946
2944,2946
2945,2946
2947,2950
2948,2950
2949,2950
2951,2953
2952,2953
2954,2958
2955,2958
2956,2958
2957,2958
2959,2965
2960,2965
2961,2965
2962,2965
2963,2965
2964,2965
2966,2968
2967,2968
2969,2971
2970,2971
2972,2983
2973,2983
2974,2983
2975,2983
2976,2983
2977,2983
2978,2983
2979,2983
2980,2983
2981,2983
2982,2983
2984,2986
2985,2986
2987,2992
2988,2992
2989,2992
2990,2992
2991,2992
2993,3004
2994,3004
2995,3004
2996,3004
2997,3004
2998,3004
2999,3004
3000,3004
3001,3004
3002,3004
3003,3004
3005,3014
3006,3014
3007,3014
3008,3014
3009,3014
3010,3014
3011,3014
3012,3014
3013,3014
3015,3017
3016,3017
3018,3027
3019,3027
3020,3027
3021,3027
3022,3027
3023,3027
3024,3027
3025,3027
3026,3027
3028,3041
3029,3041
3030,3041
3031,3041
3032,3041
3033,3041
3034,3041
3035,3041
3036,3041
3037,3041
3038,3041
3039,3041
3040,3041
3042,3045
3043,3045
3044,3045
3046,3055
3047,3055
3048,3055
3049,3055
3050,3055
3051,3055
3052,3055
3053,3055
3054,3055
3056,3069
3057,3069
3058,3069
3059,3069
3060,3069
3061,3069
3062,3069
3063,3069
3064,3069
3065,3069
3066,3069
3067,3069
3068,3069
3070,3083
3071,3083
3072,3083
3073,3083
3074,3083
3075,3083
3076,3083
3077,3083
3078,3083
3079,3083
3080,3083
3081,3083
3082,3083
3084,3088
3085,3088
3086,3088
3087,3088
3089,3091
3090,3091
3092,3095
3093,3095
3094,3095
3096,3099
3097,3099
3098,3099
3100,3107
3101,3107
3102,3107
3103,3107
3104,3107
3105,3107
3106,3107
3108,3122
3109,3122
3110,3122
3111,3122
3112,3122
3113,3122
3114,3122
3115,3122
3116,3122
3117,3122
3118,3122
3119,3122
3120,3122
3121,3122
3123,3126
3124,3126
3125,3126
3127,3141
3128,3141
3129,3141
3130,3141
3131,3141
3132,3141
3133,3141
3134,3141
3135,3141
3136,3141
3137,3141
3138,3141
3139,3141
3140,3141
9419,3141
9528,3141
3142,3144
3143,3144
3145,3150
3146,3150
3147,3150
3148,3150
3149,3150
3151,3154
3152,3154
3153,3154
3155,3168
3156,3168
3157,3168
3158,3168
3159,3168
3160,3168
3161,3168
3162,3168
3163,3168
3164,3168
3165,3168
3166,3168
3167,3168
3169,3180
3170,3180
3171,3180
3172,3180
3173,3180
3174,3180
3175,3180
3176,3180
3177,3180
3178,3180
3179,3180
3181,3183
3182,3183
3184,3189
3185,3189
3186,3189
3187,3189
3188,3189
3190,3193
3191,3193
3192,3193
3194,3201
3195,3201
3196,3201
3197,3201
3198,3201
3199,3201
3200,3201
3202,3204
3203,3204
3205,3214
3206,3214
3207,3214
3208,3214
3209,3214
3210,3214
3211,3214
3212,3214
3213,3214
3215,3217
3216,3217
3218,3224
3219,3224
3220,3224
3221,3224
3222,3224
3223,3224
3225,3234
3226,3234
3227,3234
3228,3234
3229,3234
3230,3234
3231,3234
3232,3234
3233,3234
3235,3243
3236,3243
3237,3243
3238,3243
3239,3243
3240,3243
3241,3243
3242,3243
3244,3257
3245,3257
3246,3257
3247,3257
3248,3257
3249,3257
3250,3257
3251,3257
3252,3257
3253,3257
3254,3257
3255,3257
3256,3257
3258,3262
3259,3262
3260,3262
3261,3262
3263,3277
3264,3277
3265,3277
3266,3277
3267,3277
3268,3277
3269,3277
3270,3277
3271,3277
3272,3277
3273,3277
3274,3277
3275,3277
3276,3277
3278,3287
3279,3287
3280,3287
3281,3287
3282,3287
3283,3287
3284,3287
3285,3287
3286,3287
3288,3295
3289,3295
3290,3295
3291,3295
3292,3295
3293,3295
3294,3295
3296,3299
3297,3299
3298,3299
3300,3302
3301,3302
3303,3305
3304,3305
3306,3310
3307,3310
3308,3310
3309,3310
3311,3316
3312,3316
3313,3316
3314,3316
3315,3316
3317,3319
3318,3319
3320,3333
3321,3333
3322,3333
3323,3333
3324,3333
3325,3333
3326,3333
3327,3333
3328,3333
3329,3333
3330,3333
3331,3333
3332,3333
9420,3333
9529,3333
3334,3338
3335,3338
3336,3338
3337,3338
3339,3347
3340,3347
3341,3347
3342,3347
3343,3347
3344,3347
3345,3347
3346,3347
3348,3353
3349,3353
3350,3353
3351,3353
3352,3353
3354,3361
3355,3361
3356,3361
3357,3361
3358,3361
3359,3361
3360,3361
3362,3364
3363,3364
3365,3372
3366,3372
3367,3372
3368,3372
3369,3372
3370,3372
3371,3372
3373,3384
3374,3384
3375,3384
3376,3384
3377,3384
3378,3384
3379,3384
3380,3384
3381,3384
3382,3384
3383,3384
3385,3389
3386,3389
3387,3389
3388,3389
3390,3392
3391,3392
3393,3402
3394,3402
3395,3402
3396,3402
3397,3402
3398,3402
3399,3402
3400,3402
3401,3402
9421,3402
9530,3402
3403,3405
3404,3405
3406,3411
3407,3411
3408,3411
3409,3411
3410,3411
3412,3418
3413,3418
3414,3418
3415,3418
3416,3418
3417,3418
3419,3424
3420,3424
3421,3424
3422,3424
3423,3424
3425,3427
3426,3427
3428,3433
3429,3433
3430,3433
3431,3433
3432,3433
3434,3447
3435,3447
3436,3447
3437,3447
3438,3447
3439,3447
3440,3447
3441,3447
3442,3447
3443,3447
3444,3447
3445,3447
3446,3447
3448,3450
3449,3450
3451,3458
3452,3458
3453,3458
3454,3458
3455,3458
3456,3458
3457,3458
3459,3472
3460,3472
3461,3472
3462,3472
3463,3472
3464,3472
3465,3472
3466,3472
3467,3472
3468,3472
3469,3472
3470,3472
3471,3472
3473,3487
3474,3487
3475,3487
3476,3487
3477,3487
3478,3487
3479,3487
3480,3487
3481,3487
3482,3487
3483,3487
3484,3487
3485,3487
3486,3487
3488,3495
3489,3495
3490,3495
3491,3495
3492,3495
3493,3495
3494,3495
3496,3504
3497,3504
3498,3504
3499,3504
3500,3504
3501,3504
3502,3504
3503,3504
3505,3510
3506,3510
3507,3510
3508,3510
3509,3510
3511,3518
3512,3518
3513,3518
3514,3518
3515,3518
3516,3518
3517,3518
3519,3530
3520,3530
3521,3530
3522,3530
3523,3530
3524,3530
3525,3530
3526,3530
3527,3530
3528,3530
3529,3530
3531,3538
3532,3538
3533,3538
3534,3538
3535,3538
3536,3538
3537,3538
3539,3552
3540,3552
3541,3552
3542,3552
3543,3552
3544,3552
3545,3552
3546,3552
3547,3552
3548,3552
3549,3552
3550,3552
3551,3552
3553,3563
3554,3563
3555,3563
3556,3563
3557,3563
3558,3563
3559,3563
3560,3563
3561,3563
3562,3563
9422,3563
3564,3569
3565,3569
3566,3569
3567,3569
3568,3569
3570,3579
3571,3579
3572,3579
3573,3579
3574,3579
3575,3579
3576,3579
3577,3579
3578,3579
3580,3588
3581,3588
3582,3588
3583,3588
3584,3588
3585,3588
3586,3588
3587,3588
3589,3598
3590,3598
3591,3598
3592,3598
3593,3598
3594,3598
3595,3598
3596,3598
3597,3598
3599,3601
3600,3601
3602,3604
3603,3604
3605,3618
3606,3618
3607,3618
3608,3618
3609,3618
3610,3618
3611,3618
3612,3618
3613,3618
3614,3618
3615,3618
3616,3618
3617,3618
3619,3621
3620,3621
3622,3624
3623,3624
3625,3629
3626,3629
3627,3629
3628,3629
3630,3644
3631,3644
3632,3644
3633,3644
3634,3644
3635,3644
3636,3644
3637,3644
3638,3644
3639,3644
3640,3644
3641,3644
3642,3644
3643,3644
3645,3650
3646,3650
3647,3650
3648,3650
3649,3650
3651,3658
3652,3658
3653,3658
3654,3658
3655,3658
3656,3658
3657,3658
3659,3664
3660,3664
3661,3664
3662,3664
3663,3664
3665,3670
3666,3670
3667,3670
3668,3670
3669,3670
3671,3673
3672,3673
3674,3680
3675,3680
3676,3680
3677,3680
3678,3680
3679,3680
3681,3683
3682,3683
3684,3689
3685,3689
3686,3689
3687,3689
3688,3689
3690,3697
3691,3697
3692,3697
3693,3697
3694,3697
3695,3697
3696,3697
3698,3701
3699,3701
3700,3701
3702,3704
3703,3704
3705,3708
3706,3708
3707,3708
3709,3721
3710,3721
3711,3721
3712,3721
3713,3721
3714,3721
3715,3721
3716,3721
3717,3721
3718,3721
3719,3721
3720,3721
3722,3725
3723,3725
3724,3725
3726,3737
3727,3737
3728,3737
3729,3737
3730,3737
3731,3737
3732,3737
3733,3737
3734,3737
3735,3737
3736,3737
3738,3745
3739,3745
3740,3745
3741,3745
3742,3745
3743,3745
3744,3745
3746,3748
3747,3748
3749,3761
3750,3761
3751,3761
3752,3761
3753,3761
3754,3761
3755,3761
3756,3761
3757,3761
3758,3761
3759,3761
3760,3761
9423,3761
9531,3761
3762,3765
3763,3765
3764,3765
3766,3768
3767,3768
3769,3778
3770,3778
3771,3778
3772,3778
3773,3778
3774,3778
3775,3778
3776,3778
3777,3778
3779,3792
3780,3792
3781,3792
3782,3792
3783,3792
3784,3792
3785,3792
3786,3792
3787,3792
3788,3792
3789,3792
3790,3792
3791,3792
9424,3792
9532,3792
3793,3803
3794,3803
3795,3803
3796,3803
3797,3803
3798,3803
3799,3803
3800,3803
3801,3803
3802,3803
3804,3806
3805,3806
3807,3812
3808,3812
3809,3812
3810,3812
3811,3812
3813,3815
3814,3815
3816,3823
3817,3823
3818,3823
3819,3823
3820,3823
3821,3823
3822,3823
3824,3826
3825,3826
3827,3841
3828,3841
3829,3841
3830,3841
3831,3841
3832,3841
3833,3841
3834,3841
3835,3841
3836,3841
3837,3841
3838,3841
3839,3841
3840,3841
9425,3841
9533,3841
3842,3851
3843,3851
3844,3851
3845,3851
3846,3851
3847,3851
3848,3851
3849,3851
3850,3851
3852,3856
3853,3856
3854,3856
3855,3856
3857,3870
3858,3870
3859,3870
3860,3870
3861,3870
3862,3870
3863,3870
3864,3870
3865,3870
3866,3870
3867,3870
3868,3870
3869,3870
3871,3876
3872,3876
3873,3876
3874,3876
3875,3876
3877,3881
3878,3881
3879,3881
3880,3881
3882,3887
3883,3887
3884,3887
3885,3887
3886,3887
3888,3895
3889,3895
3890,3895
3891,3895
3892,3895
3893,3895
3894,3895
3896,3905
3897,3905
3898,3905
3899,3905
3900,3905
3901,3905
3902,3905
3903,3905
3904,3905
3906,3908
3907,3908
3909,3922
3910,3922
3911,3922
3912,3922
3913,3922
3914,3922
3915,3922
3916,3922
3917,3922
3918,3922
3919,3922
3920,3922
3921,3922
3923,3932
3924,3932
3925,3932
3926,3932
3927,3932
3928,3932
3929,3932
3930,3932
3931,3932
3933,3946
3934,3946
3935,3946
3936,3946
3937,3946
3938,3946
3939,3946
3940,3946
3941,3946
3942,3946
3943,3946
3944,3946
3945,3946
3947,3956
3948,3956
3949,3956
3950,3956
3951,3956
3952,3956
3953,3956
3954,3956
3955,3956
3957,3966
3958,3966
3959,3966
3960,3966
3961,3966
3962,3966
3963,3966
3964,3966
3965,3966
3967,3972
3968,3972
3969,3972
3970,3972
3971,3972
3973,3980
3974,3980
3975,3980
3976,3980
3977,3980
3978,3980
3979,3980
3981,3993
3982,3993
3983,3993
3984,3993
3985,3993
3986,3993
3987,3993
3988,3993
3989,3993
3990,3993
3991,3993
3992,3993
3994,4007
3995,4007
3996,4007
3997,4007
3998,4007
3999,4007
4000,4007
4001,4007
4002,4007
4003,4007
4004,4007
4005,4007
4006,4007
4008,4010
4009,4010
4011,4013
4012,4013
4014,4024
4015,4024
4016,4024
4017,4024
4018,4024
4019,4024
4020,4024
4021,4024
4022,4024
4023,4024
4025,4027
4026,4027
4028,4030
4029,4030
4031,4033
4032,4033
4034,4047
4035,4047
4036,4047
4037,4047
4038,4047
4039,4047
4040,4047
4041,4047
4042,4047
4043,4047
4044,4047
4045,4047
4046,4047
4048,4055
4049,4055
4050,4055
4051,4055
4052,4055
4053,4055
4054,4055
4056,4062
4057,4062
4058,4062
4059,4062
4060,4062
4061,4062
4063,4065
4064,4065
4066,4068
4067,4068
4069,4071
4070,4071
4072,4082
4073,4082
4074,4082
4075,4082
4076,4082
4077,4082
4078,4082
4079,4082
4080,4082
4081,4082
4083,4095
4084,4095
4085,4095
4086,4095
4087,4095
4088,4095
4089,4095
4090,4095
4091,4095
4092,4095
4093,4095
4094,4095
4096,4099
4097,4099
4098,4099
4100,4105
4101,4105
4102,4105
4103,4105
4104,4105
4106,4108
4107,4108
4109,4111
4110,4111
4112,4115
4113,4115
4114,4115
4116,4126
4117,4126
4118,4126
4119,4126
4120,4126
4121,4126
4122,4126
4123,4126
4124,4126
4125,4126
4127,4137
4128,4137
4129,4137
4130,4137
4131,4137
4132,4137
4133,4137
4134,4137
4135,4137
4136,4137
4138,4142
4139,4142
4140,4142
4141,4142
4143,4155
4144,4155
4145,4155
4146,4155
4147,4155
4148,4155
4149,4155
4150,4155
4151,4155
4152,4155
4153,4155
4154,4155
9426,4155
9534,4155
4156,4158
4157,4158
4159,4161
4160,4161
4162,4169
4163,4169
4164,4169
4165,4169
4166,4169
4167,4169
4168,4169
4170,4173
4171,4173
4172,4173
4174,4187
4175,4187
4176,4187
4177,4187
4178,4187
4179,4187
4180,4187
4181,4187
4182,4187
4183,4187
4184,4187
4185,4187
4186,4187
4188,4196
4189,4196
4190,4196
4191,4196
4192,4196
4193,4196
4194,4196
4195,4196
4197,4204
4198,4204
4199,4204
4200,4204
4201,4204
4202,4204
4203,4204
4205,4214
4206,4214
4207,4214
4208,4214
4209,4214
4210,4214
4211,4214
4212,4214
4213,4214
4215,4224
4216,4224
4217,4224
4218,4224
4219,4224
4220,4224
4221,4224
4222,4224
4223,4224
4225,4230
4226,4230
4227,4230
4228,4230
4229,4230
4231,4244
4232,4244
4233,4244
4234,4244
4235,4244
4236,4244
4237,4244
4238,4244
4239,4244
4240,4244
4241,4244
4242,4244
4243,4244
4245,4254
4246,4254
4247,4254
4248,4254
4249,4254
4250,4254
4251,4254
4252,4254
4253,4254
4255,4257
4256,4257
4258,4263
4259,4263
4260,4263
4261,4263
4262,4263
4264,4273
4265,4273
4266,4273
4267,4273
4268,4273
4269,4273
4270,4273
4271,4273
4272,4273
4274,4287
4275,4287
4276,4287
4277,4287
4278,4287
4279,4287
4280,4287
4281,4287
4282,4287
4283,4287
4284,4287
4285,4287
4286,4287
9427,4287
9535,4287
4288,4290
4289,4290
4291,4293
4292,4293
4294,4304
4295,4304
4296,4304
4297,4304
4298,4304
4299,4304
4300,4304
4301,4304
4302,4304
4303,4304
4305,4312
4306,4312
4307,4312
4308,4312
4309,4312
4310,4312
4311,4312
4313,4322
4314,4322
4315,4322
4316,4322
4317,4322
4318,4322
4319,4322
4320,4322
4321,4322
4323,4328
4324,4328
4325,4328
4326,4328
4327,4328
4329,4331
4330,4331
4332,4337
4333,4337
4334,4337
4335,4337
4336,4337
4338,4340
4339,4340
4341,4354
4342,4354
4343,4354
4344,4354
4345,4354
4346,4354
4347,4354
4348,4354
4349,4354
4350,4354
4351,4354
4352,4354
4353,4354
4355,4368
4356,4368
4357,4368
4358,4368
4359,4368
4360,4368
4361,4368
4362,4368
4363,4368
4364,4368
4365,4368
4366,4368
4367,4368
4369,4376
4370,4376
4371,4376
4372,4376
4373,4376
4374,4376
4375,4376
4377,4380
4378,4380
4379,4380
4381,4390
4382,4390
4383,4390
4384,4390
4385,4390
4386,4390
4387,4390
4388,4390
4389,4390
9428,4390
9536,4390
4391,4400
4392,4400
4393,4400
4394,4400
4395,4400
4396,4400
4397,4400
4398,4400
4399,4400
4401,4403
4402,4403
4404,4417
4405,4417
4406,4417
4407,4417
4408,4417
4409,4417
4410,4417
4411,4417
4412,4417
4413,4417
4414,4417
4415,4417
4416,4417
4418,4422
4419,4422
4420,4422
4421,4422
4423,4428
4424,4428
4425,4428
4426,4428
4427,4428
4429,4436
4430,4436
4431,4436
4432,4436
4433,4436
4434,4436
4435,4436
4437,4444
4438,4444
4439,4444
4440,4444
4441,4444
4442,4444
4443,4444
4445,4458
4446,4458
4447,4458
4448,4458
4449,4458
4450,4458
4451,4458
4452,4458
4453,4458
4454,4458
4455,4458
4456,4458
4457,4458
4459,4468
4460,4468
4461,4468
4462,4468
4463,4468
4464,4468
4465,4468
4466,4468
4467,4468
4469,4476
4470,4476
4471,4476
4472,4476
4473,4476
4474,4476
4475,4476
4477,4479
4478,4479
4480,4487
4481,4487
4482,4487
4483,4487
4484,4487
4485,4487
4486,4487
4488,4501
4489,4501
4490,4501
4491,4501
4492,4501
4493,4501
4494,4501
4495,4501
4496,4501
4497,4501
4498,4501
4499,4501
4500,4501
4502,4516
4503,4516
4504,4516
4505,4516
4506,4516
4507,4516
4508,4516
4509,4516
4510,4516
4511,4516
4512,4516
4513,4516
4514,4516
4515,4516
4517,4526
4518,4526
4519,4526
4520,4526
4521,4526
4522,4526
4523,4526
4524,4526
4525,4526
4527,4536
4528,4536
4529,4536
4530,4536
4531,4536
4532,4536
4533,4536
4534,4536
4535,4536
4537,4549
4538,4549
4539,4549
4540,4549
4541,4549
4542,4549
4543,4549
4544,4549
4545,4549
4546,4549
4547,4549
4548,4549
4550,4553
4551,4553
4552,4553
4554,4559
4555,4559
4556,4559
4557,4559
4558,4559
4560,4572
4561,4572
4562,4572
4563,4572
4564,4572
4565,4572
4566,4572
4567,4572
4568,4572
4569,4572
4570,4572
4571,4572
4573,4586
4574,4586
4575,4586
4576,4586
4577,4586
4578,4586
4579,4586
4580,4586
4581,4586
4582,4586
4583,4586
4584,4586
4585,4586
4587,4589
4588,4589
4590,4594
4591,4594
4592,4594
4593,4594
4595,4609
4596,4609
4597,4609
4598,4609
4599,4609
4600,4609
4601,4609
4602,4609
4603,4609
4604,4609
4605,4609
4606,4609
4607,4609
4608,4609
4610,4623
4611,4623
4612,4623
4613,4623
4614,4623
4615,4623
4616,4623
4617,4623
4618,4623
4619,4623
4620,4623
4621,4623
4622,4623
4624,4637
4625,4637
4626,4637
4627,4637
4628,4637
4629,4637
4630,4637
4631,4637
4632,4637
4633,4637
4634,4637
4635,4637
4636,4637
4638,4651
4639,4651
4640,4651
4641,4651
4642,4651
4643,4651
4644,4651
4645,4651
4646,4651
4647,4651
4648,4651
4649,4651
4650,4651
4652,4661
4653,4661
4654,4661
4655,4661
4656,4661
4657,4661
4658,4661
4659,4661
4660,4661
4662,4664
4663,4664
4665,4667
4666,4667
4668,4676
4669,4676
4670,4676
4671,4676
4672,4676
4673,4676
4674,4676
4675,4676
4677,4680
4678,4680
4679,4680
4681,4688
4682,4688
4683,4688
4684,4688
4685,4688
4686,4688
4687,4688
4689,4694
4690,4694
4691,4694
4692,4694
4693,4694
4695,4699
4696,4699
4697,4699
4698,4699
4700,4708
4701,4708
4702,4708
4703,4708
4704,4708
4705,4708
4706,4708
4707,4708
4709,4722
4710,4722
4711,4722
4712,4722
4713,4722
4714,4722
4715,4722
4716,4722
4717,4722
4718,4722
4719,4722
4720,4722
4721,4722
4723,4726
4724,4726
4725,4726
4727,4729
4728,4729
4730,4743
4731,4743
4732,4743
4733,4743
4734,4743
4735,4743
4736,4743
4737,4743
4738,4743
4739,4743
4740,4743
4741,4743
4742,4743
4744,4747
4745,4747
4746,4747
4748,4753
4749,4753
4750,4753
4751,4753
4752,4753
4754,4763
4755,4763
4756,4763
4757,4763
4758,4763
4759,4763
4760,4763
4761,4763
4762,4763
4764,4769
4765,4769
4766,4769
4767,4769
4768,4769
4770,4777
4771,4777
4772,4777
4773,4777
4774,4777
4775,4777
4776,4777
4778,4789
4779,4789
4780,4789
4781,4789
4782,4789
4783,4789
4784,4789
4785,4789
4786,4789
4787,4789
4788,4789
4790,4803
4791,4803
4792,4803
4793,4803
4794,4803
4795,4803
4796,4803
4797,4803
4798,4803
4799,4803
4800,4803
4801,4803
4802,4803
4804,4812
4805,4812
4806,4812
4807,4812
4808,4812
4809,4812
4810,4812
4811,4812
4813,4828
4814,4828
4815,4828
4816,4828
4817,4828
4818,4828
4819,4828
4820,4828
4821,4828
4822,4828
4823,4828
4824,4828
4825,4828
4826,4828
4827,4828
4829,4831
4830,4831
4832,4843
4833,4843
4834,4843
4835,4843
4836,4843
4837,4843
4838,4843
4839,4843
4840,4843
4841,4843
4842,4843
4844,4849
4845,4849
4846,4849
4847,4849
4848,4849
4850,4854
4851,4854
4852,4854
4853,4854
4855,4868
4856,4868
4857,4868
4858,4868
4859,4868
4860,4868
4861,4868
4862,4868
4863,4868
4864,4868
4865,4868
4866,4868
4867,4868
4869,4877
4870,4877
4871,4877
4872,4877
4873,4877
4874,4877
4875,4877
4876,4877
4878,4885
4879,4885
4880,4885
4881,4885
4882,4885
4883,4885
4884,4885
4886,4896
4887,4896
4888,4896
4889,4896
4890,4896
4891,4896
4892,4896
4893,4896
4894,4896
4895,4896
4897,4908
4898,4908
4899,4908
4900,4908
4901,4908
4902,4908
4903,4908
4904,4908
4905,4908
4906,4908
4907,4908
4909,4920
4910,4920
4911,4920
4912,4920
4913,4920
4914,4920
4915,4920
4916,4920
4917,4920
4918,4920
4919,4920
4921,4931
4922,4931
4923,4931
4924,4931
4925,4931
4926,4931
4927,4931
4928,4931
4929,4931
4930,4931
4932,4945
4933,4945
4934,4945
4935,4945
4936,4945
4937,4945
4938,4945
4939,4945
4940,4945
4941,4945
4942,4945
4943,4945
4944,4945
4946,4953
4947,4953
4948,4953
4949,4953
4950,4953
4951,4953
4952,4953
4954,4967
4955,4967
4956,4967
4957,4967
4958,4967
4959,4967
4960,4967
4961,4967
4962,4967
4963,4967
4964,4967
4965,4967
4966,4967
4968,4979
4969,4979
4970,4979
4971,4979
4972,4979
4973,4979
4974,4979
4975,4979
4976,4979
4977,4979
4978,4979
4980,4987
4981,4987
4982,4987
4983,4987
4984,4987
4985,4987
4986,4987
4988,4996
4989,4996
4990,4996
4991,4996
4992,4996
4993,4996
4994,4996
4995,4996
4997,5009
4998,5009
4999,5009
5000,5009
5001,5009
5002,5009
5003,5009
5004,5009
5005,5009
5006,5009
5007,5009
5008,5009
5010,5021
5011,5021
5012,5021
5013,5021
5014,5021
5015,5021
5016,5021
5017,5021
5018,5021
5019,5021
5020,5021
5022,5025
5023,5025
5024,5025
5026,5036
5027,5036
5028,5036
5029,5036
5030,5036
5031,5036
5032,5036
5033,5036
5034,5036
5035,5036
5037,5041
5038,5041
5039,5041
5040,5041
5042,5047
5043,5047
5044,5047
5045,5047
5046,5047
5048,5061
5049,5061
5050,5061
5051,5061
5052,5061
5053,5061
5054,5061
5055,5061
5056,5061
5057,5061
5058,5061
5059,5061
5060,5061
5062,5070
5063,5070
5064,5070
5065,5070
5066,5070
5067,5070
5068,5070
5069,5070
5071,5085
5072,5085
5073,5085
5074,5085
5075,5085
5076,5085
5077,5085
5078,5085
5079,5085
5080,5085
5081,5085
5082,5085
5083,5085
5084,5085
5086,5093
5087,5093
5088,5093
5089,5093
5090,5093
5091,5093
5092,5093
5094,5103
5095,5103
5096,5103
5097,5103
5098,5103
5099,5103
5100,5103
5101,5103
5102,5103
5104,5118
5105,5118
5106,5118
5107,5118
5108,5118
5109,5118
5110,5118
5111,5118
5112,5118
5113,5118
5114,5118
5115,5118
5116,5118
5117,5118
5119,5124
5120,5124
5121,5124
5122,5124
5123,5124
5125,5130
5126,5130
5127,5130
5128,5130
5129,5130
5131,5136
5132,5136
5133,5136
5134,5136
5135,5136
5137,5143
5138,5143
5139,5143
5140,5143
5141,5143
5142,5143
5144,5155
5145,5155
5146,5155
5147,5155
5148,5155
5149,5155
5150,5155
5151,5155
5152,5155
5153,5155
5154,5155
5156,5169
5157,5169
5158,5169
5159,5169
5160,5169
5161,5169
5162,5169
5163,5169
5164,5169
5165,5169
5166,5169
5167,5169
5168,5169
5170,5176
5171,5176
5172,5176
5173,5176
5174,5176
5175,5176
5177,5185
5178,5185
5179,5185
5180,5185
5181,5185
5182,5185
5183,5185
5184,5185
5186,5193
5187,5193
5188,5193
5189,5193
5190,5193
5191,5193
5192,5193
5194,5199
5195,5199
5196,5199
5197,5199
5198,5199
5200,5208
5201,5208
5202,5208
5203,5208
5204,5208
5205,5208
5206,5208
5207,5208
5209,5223
5210,5223
5211,5223
5212,5223
5213,5223
5214,5223
5215,5223
5216,5223
5217,5223
5218,5223
5219,5223
5220,5223
5221,5223
5222,5223
5224,5232
5225,5232
5226,5232
5227,5232
5228,5232
5229,5232
5230,5232
5231,5232
5233,5248
5234,5248
5235,5248
5236,5248
5237,5248
5238,5248
5239,5248
5240,5248
5241,5248
5242,5248
5243,5248
5244,5248
5245,5248
5246,5248
5247,5248
5249,5255
5250,5255
5251,5255
5252,5255
5253,5255
5254,5255
5256,5266
5257,5266
5258,5266
5259,5266
5260,5266
5261,5266
5262,5266
5263,5266
5264,5266
5265,5266
5267,5281
5268,5281
5269,5281
5270,5281
5271,5281
5272,5281
5273,5281
5274,5281
5275,5281
5276,5281
5277,5281
5278,5281
5279,5281
5280,5281
5282,5287
5283,5287
5284,5287
5285,5287
5286,5287
5288,5295
5289,5295
5290,5295
5291,5295
5292,5295
5293,5295
5294,5295
5296,5310
5297,5310
5298,5310
5299,5310
5300,5310
5301,5310
5302,5310
5303,5310
5304,5310
5305,5310
5306,5310
5307,5310
5308,5310
5309,5310
5311,5325
5312,5325
5313,5325
5314,5325
5315,5325
5316,5325
5317,5325
5318,5325
5319,5325
5320,5325
5321,5325
5322,5325
5323,5325
5324,5325
5326,5340
5327,5340
5328,5340
5329,5340
5330,5340
5331,5340
5332,5340
5333,5340
5334,5340
5335,5340
5336,5340
5337,5340
5338,5340
5339,5340
5341,5350
5342,5350
5343,5350
5344,5350
5345,5350
5346,5350
5347,5350
5348,5350
5349,5350
5351,5364
5352,5364
5353,5364
5354,5364
5355,5364
5356,5364
5357,5364
5358,5364
5359,5364
5360,5364
5361,5364
5362,5364
5363,5364
5365,5378
5366,5378
5367,5378
5368,5378
5369,5378
5370,5378
5371,5378
5372,5378
5373,5378
5374,5378
5375,5378
5376,5378
5377,5378
5379,5392
5380,5392
5381,5392
5382,5392
5383,5392
5384,5392
5385,5392
5386,5392
5387,5392
5388,5392
5389,5392
5390,5392
5391,5392
5393,5400
5394,5400
5395,5400
5396,5400
5397,5400
5398,5400
5399,5400
5401,5405
5402,5405
5403,5405
5404,5405
5406,5409
5407,5409
5408,5409
5410,5413
5411,5413
5412,5413
5414,5419
5415,5419
5416,5419
5417,5419
5418,5419
5420,5429
5421,5429
5422,5429
5423,5429
5424,5429
5425,5429
5426,5429
5427,5429
5428,5429
5430,5442
5431,5442
5432,5442
5433,5442
5434,5442
5435,5442
5436,5442
5437,5442
5438,5442
5439,5442
5440,5442
5441,5442
5443,5451
5444,5451
5445,5451
5446,5451
5447,5451
5448,5451
5449,5451
5450,5451
5452,5461
5453,5461
5454,5461
5455,5461
5456,5461
5457,5461
5458,5461
5459,5461
5460,5461
9429,5461
9537,5461
5462,5473
5463,5473
5464,5473
5465,5473
5466,5473
5467,5473
5468,5473
5469,5473
5470,5473
5471,5473
5472,5473
5474,5485
5475,5485
5476,5485
5477,5485
5478,5485
5479,5485
5480,5485
5481,5485
5482,5485
5483,5485
5484,5485
5486,5493
5487,5493
5488,5493
5489,5493
5490,5493
5491,5493
5492,5493
5494,5509
5495,5509
5496,5509
5497,5509
5498,5509
5499,5509
5500,5509
5501,5509
5502,5509
5503,5509
5504,5509
5505,5509
5506,5509
5507,5509
5508,5509
5510,5513
5511,5513
5512,5513
5514,5521
5515,5521
5516,5521
5517,5521
5518,5521
5519,5521
5520,5521
5522,5528
5523,5528
5524,5528
5525,5528
5526,5528
5527,5528
5529,5541
5530,5541
5531,5541
5532,5541
5533,5541
5534,5541
5535,5541
5536,5541
5537,5541
5538,5541
5539,5541
5540,5541
5542,5548
5543,5548
5544,5548
5545,5548
5546,5548
5547,5548
5549,5559
5550,5559
5551,5559
5552,5559
5553,5559
5554,5559
5555,5559
5556,5559
5557,5559
5558,5559
5560,5564
5561,5564
5562,5564
5563,5564
5565,5577
5566,5577
5567,5577
5568,5577
5569,5577
5570,5577
5571,5577
5572,5577
5573,5577
5574,5577
5575,5577
5576,5577
5578,5584
5579,5584
5580,5584
5581,5584
5582,5584
5583,5584
5585,5597
5586,5597
5587,5597
5588,5597
5589,5597
5590,5597
5591,5597
5592,5597
5593,5597
5594,5597
5595,5597
5596,5597
5598,5604
5599,5604
5600,5604
5601,5604
5602,5604
5603,5604
5605,5614
5606,5614
5607,5614
5608,5614
5609,5614
5610,5614
5611,5614
5612,5614
5613,5614
5615,5619
5616,5619
5617,5619
5618,5619
5620,5623
5621,5623
5622,5623
5624,5629
5625,5629
5626,5629
5627,5629
5628,5629
5630,5637
5631,5637
5632,5637
5633,5637
5634,5637
5635,5637
5636,5637
5638,5644
5639,5644
5640,5644
5641,5644
5642,5644
5643,5644
5645,5651
5646,5651
5647,5651
5648,5651
5649,5651
5650,5651
5652,5664
5653,5664
5654,5664
5655,5664
5656,5664
5657,5664
5658,5664
5659,5664
5660,5664
5661,5664
5662,5664
5663,5664
5665,5677
5666,5677
5667,5677
5668,5677
5669,5677
5670,5677
5671,5677
5672,5677
5673,5677
5674,5677
5675,5677
5676,5677
5678,5681
5679,5681
5680,5681
5682,5686
5683,5686
5684,5686
5685,5686
5687,5689
5688,5689
5690,5695
5691,5695
5692,5695
5693,5695
5694,5695
5696,5700
5697,5700
5698,5700
5699,5700
5701,5707
5702,5707
5703,5707
5704,5707
5705,5707
5706,5707
5708,5712
5709,5712
5710,5712
5711,5712
5713,5721
5714,5721
5715,5721
5716,5721
5717,5721
5718,5721
5719,5721
5720,5721
5722,5734
5723,5734
5724,5734
5725,5734
5726,5734
5727,5734
5728,5734
5729,5734
5730,5734
5731,5734
5732,5734
5733,5734
5735,5745
5736,5745
5737,5745
5738,5745
5739,5745
5740,5745
5741,5745
5742,5745
5743,5745
5744,5745
5746,5750
5747,5750
5748,5750
5749,5750
5751,5757
5752,5757
5753,5757
5754,5757
5755,5757
5756,5757
5758,5762
5759,5762
5760,5762
5761,5762
5763,5776
5764,5776
5765,5776
5766,5776
5767,5776
5768,5776
5769,5776
5770,5776
5771,5776
5772,5776
5773,5776
5774,5776
5775,5776
5777,5785
5778,5785
5779,5785
5780,5785
5781,5785
5782,5785
5783,5785
5784,5785
5786,5792
5787,5792
5788,5792
5789,5792
5790,5792
5791,5792
5793,5801
5794,5801
5795,5801
5796,5801
5797,5801
5798,5801
5799,5801
5800,5801
9430,5801
9538,5801
5802,5807
5803,5807
5804,5807
5805,5807
5806,5807
5808,5816
5809,5816
5810,5816
5811,5816
5812,5816
5813,5816
5814,5816
5815,5816
9431,5816
9539,5816
5817,5822
5818,5822
5819,5822
5820,5822
5821,5822
5823,5831
5824,5831
5825,5831
5826,5831
5827,5831
5828,5831
5829,5831
5830,5831
5832,5836
5833,5836
5834,5836
5835,5836
5837,5847
5838,5847
5839,5847
5840,5847
5841,5847
5842,5847
5843,5847
5844,5847
5845,5847
5846,5847
5848,5854
5849,5854
5850,5854
5851,5854
5852,5854
5853,5854
5855,5867
5856,5867
5857,5867
5858,5867
5859,5867
5860,5867
5861,5867
5862,5867
5863,5867
5864,5867
5865,5867
5866,5867
5868,5879
5869,5879
5870,5879
5871,5879
5872,5879
5873,5879
5874,5879
5875,5879
5876,5879
5877,5879
5878,5879
9432,5879
9540,5879
5880,5891
5881,5891
5882,5891
5883,5891
5884,5891
5885,5891
5886,5891
5887,5891
5888,5891
5889,5891
5890,5891
9433,5891
9541,5891
5892,5902
5893,5902
5894,5902
5895,5902
5896,5902
5897,5902
5898,5902
5899,5902
5900,5902
5901,5902
5903,5907
5904,5907
5905,5907
5906,5907
5908,5913
5909,5913
5910,5913
5911,5913
5912,5913
5914,5918
5915,5918
5916,5918
5917,5918
5919,5922
5920,5922
5921,5922
5923,5926
5924,5926
5925,5926
5927,5937
5928,5937
5929,5937
5930,5937
5931,5937
5932,5937
5933,5937
5934,5937
5935,5937
5936,5937
5938,5948
5939,5948
5940,5948
5941,5948
5942,5948
5943,5948
5944,5948
5945,5948
5946,5948
5947,5948
5949,5955
5950,5955
5951,5955
5952,5955
5953,5955
5954,5955
5956,5960
5957,5960
5958,5960
5959,5960
5961,5967
5962,5967
5963,5967
5964,5967
5965,5967
5966,5967
5968,5978
5969,5978
5970,5978
5971,5978
5972,5978
5973,5978
5974,5978
5975,5978
5976,5978
5977,5978
5979,5984
5980,5984
5981,5984
5982,5984
5983,5984
5985,5995
5986,5995
5987,5995
5988,5995
5989,5995
5990,5995
5991,5995
5992,5995
5993,5995
5994,5995
5996,6006
5997,6006
5998,6006
5999,6006
6000,6006
6001,6006
6002,6006
6003,6006
6004,6006
6005,6006
6007,6013
6008,6013
6009,6013
6010,6013
6011,6013
6012,6013
6014,6025
6015,6025
6016,6025
6017,6025
6018,6025
6019,6025
6020,6025
6021,6025
6022,6025
6023,6025
6024,6025
9434,6025
9542,6025
6026,6031
6027,6031
6028,6031
6029,6031
6030,6031
6032,6039
6033,6039
6034,6039
6035,6039
6036,6039
6037,6039
6038,6039
6040,6050
6041,6050
6042,6050
6043,6050
6044,6050
6045,6050
6046,6050
6047,6050
6048,6050
6049,6050
6051,6055
6052,6055
6053,6055
6054,6055
6056,6066
6057,6066
6058,6066
6059,6066
6060,6066
6061,6066
6062,6066
6063,6066
6064,6066
6065,6066
6067,6071
6068,6071
6069,6071
6070,6071
6072,6078
6073,6078
6074,6078
6075,6078
6076,6078
6077,6078
9435,6078
6079,6082
6080,6082
6081,6082
6083,6094
6084,6094
6085,6094
6086,6094
6087,6094
6088,6094
6089,6094
6090,6094
6091,6094
6092,6094
6093,6094
6095,6108
6096,6108
6097,6108
6098,6108
6099,6108
6100,6108
6101,6108
6102,6108
6103,6108
6104,6108
6105,6108
6106,6108
6107,6108
6109,6113
6110,6113
6111,6113
6112,6113
6114,6123
6115,6123
6116,6123
6117,6123
6118,6123
6119,6123
6120,6123
6121,6123
6122,6123
6124,6132
6125,6132
6126,6132
6127,6132
6128,6132
6129,6132
6130,6132
6131,6132
6133,6143
6134,6143
6135,6143
6136,6143
6137,6143
6138,6143
6139,6143
6140,6143
6141,6143
6142,6143
6144,6155
6145,6155
6146,6155
6147,6155
6148,6155
6149,6155
6150,6155
6151,6155
6152,6155
6153,6155
6154,6155
6156,6160
6157,6160
6158,6160
6159,6160
6161,6165
6162,6165
6163,6165
6164,6165
6166,6170
6167,6170
6168,6170
6169,6170
6171,6176
6172,6176
6173,6176
6174,6176
6175,6176
6177,6188
6178,6188
6179,6188
6180,6188
6181,6188
6182,6188
6183,6188
6184,6188
6185,6188
6186,6188
6187,6188
6189,6202
6190,6202
6191,6202
6192,6202
6193,6202
6194,6202
6195,6202
6196,6202
6197,6202
6198,6202
6199,6202
6200,6202
6201,6202
9436,6202
9543,6202
6203,6209
6204,6209
6205,6209
6206,6209
6207,6209
6208,6209
6210,6217
6211,6217
6212,6217
6213,6217
6214,6217
6215,6217
6216,6217
6218,6224
6219,6224
6220,6224
6221,6224
6222,6224
6223,6224
6225,6234
6226,6234
6227,6234
6228,6234
6229,6234
6230,6234
6231,6234
6232,6234
6233,6234
6235,6247
6236,6247
6237,6247
6238,6247
6239,6247
6240,6247
6241,6247
6242,6247
6243,6247
6244,6247
6245,6247
6246,6247
9437,6247
6248,6260
6249,6260
6250,6260
6251,6260
6252,6260
6253,6260
6254,6260
6255,6260
6256,6260
6257,6260
6258,6260
6259,6260
9438,6260
9544,6260
6261,6266
6262,6266
6263,6266
6264,6266
6265,6266
6267,6271
6268,6271
6269,6271
6270,6271
6272,6277
6273,6277
6274,6277
6275,6277
6276,6277
6278,6284
6279,6284
6280,6284
6281,6284
6282,6284
6283,6284
6285,6291
6286,6291
6287,6291
6288,6291
6289,6291
6290,6291
6292,6300
6293,6300
6294,6300
6295,6300
6296,6300
6297,6300
6298,6300
6299,6300
9439,6300
9545,6300
6301,6305
6302,6305
6303,6305
6304,6305
6306,6310
6307,6310
6308,6310
6309,6310
6311,6318
6312,6318
6313,6318
6314,6318
6315,6318
6316,6318
6317,6318
9440,6318
9546,6318
6319,6330
6320,6330
6321,6330
6322,6330
6323,6330
6324,6330
6325,6330
6326,6330
6327,6330
6328,6330
6329,6330
9441,6330
9547,6330
6331,6339
6332,6339
6333,6339
6334,6339
6335,6339
6336,6339
6337,6339
6338,6339
9442,6339
9548,6339
6340,6351
6341,6351
6342,6351
6343,6351
6344,6351
6345,6351
6346,6351
6347,6351
6348,6351
6349,6351
6350,6351
6352,6362
6353,6362
6354,6362
6355,6362
6356,6362
6357,6362
6358,6362
6359,6362
6360,6362
6361,6362
6363,6371
6364,6371
6365,6371
6366,6371
6367,6371
6368,6371
6369,6371
6370,6371
6372,6383
6373,6383
6374,6383
6375,6383
6376,6383
6377,6383
6378,6383
6379,6383
6380,6383
6381,6383
6382,6383
6384,6391
6385,6391
6386,6391
6387,6391
6388,6391
6389,6391
6390,6391
6392,6397
6393,6397
6394,6397
6395,6397
6396,6397
6398,6406
6399,6406
6400,6406
6401,6406
6402,6406
6403,6406
6404,6406
6405,6406
6407,6418
6408,6418
6409,6418
6410,6418
6411,6418
6412,6418
6413,6418
6414,6418
6415,6418
6416,6418
6417,6418
6419,6422
6420,6422
6421,6422
6423,6434
6424,6434
6425,6434
6426,6434
6427,6434
6428,6434
6429,6434
6430,6434
6431,6434
6432,6434
6433,6434
9443,6434
9549,6434
6435,6441
6436,6441
6437,6441
6438,6441
6439,6441
6440,6441
6442,6449
6443,6449
6444,6449
6445,6449
6446,6449
6447,6449
6448,6449
6450,6457
6451,6457
6452,6457
6453,6457
6454,6457
6455,6457
6456,6457
6458,6467
6459,6467
6460,6467
6461,6467
6462,6467
6463,6467
6464,6467
6465,6467
6466,6467
6468,6471
6469,6471
6470,6471
6472,6482
6473,6482
6474,6482
6475,6482
6476,6482
6477,6482
6478,6482
6479,6482
6480,6482
6481,6482
6483,6493
6484,6493
6485,6493
6486,6493
6487,6493
6488,6493
6489,6493
6490,6493
6491,6493
6492,6493
9444,6493
9550,6493
6494,6505
6495,6505
6496,6505
6497,6505
6498,6505
6499,6505
6500,6505
6501,6505
6502,6505
6503,6505
6504,6505
6506,6513
6507,6513
6508,6513
6509,6513
6510,6513
6511,6513
6512,6513
6514,6524
6515,6524
6516,6524
6517,6524
6518,6524
6519,6524
6520,6524
6521,6524
6522,6524
6523,6524
9445,6524
9551,6524
6525,6531
6526,6531
6527,6531
6528,6531
6529,6531
6530,6531
9446,6531
9552,6531
6532,6542
6533,6542
6534,6542
6535,6542
6536,6542
6537,6542
6538,6542
6539,6542
6540,6542
6541,6542
9447,6542
9553,6542
6543,6554
6544,6554
6545,6554
6546,6554
6547,6554
6548,6554
6549,6554
6550,6554
6551,6554
6552,6554
6553,6554
6555,6565
6556,6565
6557,6565
6558,6565
6559,6565
6560,6565
6561,6565
6562,6565
6563,6565
6564,6565
9448,6565
9554,6565
6566,6578
6567,6578
6568,6578
6569,6578
6570,6578
6571,6578
6572,6578
6573,6578
6574,6578
6575,6578
6576,6578
6577,6578
9449,6578
9555,6578
6579,6589
6580,6589
6581,6589
6582,6589
6583,6589
6584,6589
6585,6589
6586,6589
6587,6589
6588,6589
9450,6589
9556,6589
6590,6597
6591,6597
6592,6597
6593,6597
6594,6597
6595,6597
6596,6597
6598,6604
6599,6604
6600,6604
6601,6604
6602,6604
6603,6604
6605,6614
6606,6614
6607,6614
6608,6614
6609,6614
6610,6614
6611,6614
6612,6614
6613,6614
6615,6625
6616,6625
6617,6625
6618,6625
6619,6625
6620,6625
6621,6625
6622,6625
6623,6625
6624,6625
9451,6625
9557,6625
6626,6629
6627,6629
6628,6629
6630,6639
6631,6639
6632,6639
6633,6639
6634,6639
6635,6639
6636,6639
6637,6639
6638,6639
6640,6643
6641,6643
6642,6643
6644,6649
6645,6649
6646,6649
6647,6649
6648,6649
6650,6653
6651,6653
6652,6653
6654,6658
6655,6658
6656,6658
6657,6658
9558,6658
6659,6669
6660,6669
6661,6669
6662,6669
6663,6669
6664,6669
6665,6669
6666,6669
6667,6669
6668,6669
9452,6669
9559,6669
6670,6680
6671,6680
6672,6680
6673,6680
6674,6680
6675,6680
6676,6680
6677,6680
6678,6680
6679,6680
9453,6680
9560,6680
6681,6687
6682,6687
6683,6687
6684,6687
6685,6687
6686,6687
6688,6698
6689,6698
6690,6698
6691,6698
6692,6698
6693,6698
6694,6698
6695,6698
6696,6698
6697,6698
9454,6698
9561,6698
6699,6704
6700,6704
6701,6704
6702,6704
6703,6704
6705,6713
6706,6713
6707,6713
6708,6713
6709,6713
6710,6713
6711,6713
6712,6713
9455,6713
9562,6713
6714,6724
6715,6724
6716,6724
6717,6724
6718,6724
6719,6724
6720,6724
6721,6724
6722,6724
6723,6724
9456,6724
9563,6724
6725,6732
6726,6732
6727,6732
6728,6732
6729,6732
6730,6732
6731,6732
9457,6732
9564,6732
6733,6744
6734,6744
6735,6744
6736,6744
6737,6744
6738,6744
6739,6744
6740,6744
6741,6744
6742,6744
6743,6744
9458,6744
9565,6744
6745,6751
6746,6751
6747,6751
6748,6751
6749,6751
6750,6751
6752,6763
6753,6763
6754,6763
6755,6763
6756,6763
6757,6763
6758,6763
6759,6763
6760,6763
6761,6763
6762,6763
6764,6773
6765,6773
6766,6773
6767,6773
6768,6773
6769,6773
6770,6773
6771,6773
6772,6773
6774,6781
6775,6781
6776,6781
6777,6781
6778,6781
6779,6781
6780,6781
6782,6789
6783,6789
6784,6789
6785,6789
6786,6789
6787,6789
6788,6789
9459,6789
9566,6789
6790,6799
6791,6799
6792,6799
6793,6799
6794,6799
6795,6799
6796,6799
6797,6799
6798,6799
9460,6799
6800,6807
6801,6807
6802,6807
6803,6807
6804,6807
6805,6807
6806,6807
6808,6818
6809,6818
6810,6818
6811,6818
6812,6818
6813,6818
6814,6818
6815,6818
6816,6818
6817,6818
6819,6828
6820,6828
6821,6828
6822,6828
6823,6828
6824,6828
6825,6828
6826,6828
6827,6828
6829,6839
6830,6839
6831,6839
6832,6839
6833,6839
6834,6839
6835,6839
6836,6839
6837,6839
6838,6839
6840,6849
6841,6849
6842,6849
6843,6849
6844,6849
6845,6849
6846,6849
6847,6849
6848,6849
6850,6856
6851,6856
6852,6856
6853,6856
6854,6856
6855,6856
6857,6862
6858,6862
6859,6862
6860,6862
6861,6862
6863,6869
6864,6869
6865,6869
6866,6869
6867,6869
6868,6869
6870,6876
6871,6876
6872,6876
6873,6876
6874,6876
6875,6876
6877,6881
6878,6881
6879,6881
6880,6881
6882,6888
6883,6888
6884,6888
6885,6888
6886,6888
6887,6888
6889,6899
6890,6899
6891,6899
6892,6899
6893,6899
6894,6899
6895,6899
6896,6899
6897,6899
6898,6899
6900,6910
6901,6910
6902,6910
6903,6910
6904,6910
6905,6910
6906,6910
6907,6910
6908,6910
6909,6910
9461,6910
9567,6910
6911,6919
6912,6919
6913,6919
6914,6919
6915,6919
6916,6919
6917,6919
6918,6919
9462,6919
9568,6919
6920,6924
6921,6924
6922,6924
6923,6924
6925,6929
6926,6929
6927,6929
6928,6929
6930,6934
6931,6934
6932,6934
6933,6934
6935,6940
6936,6940
6937,6940
6938,6940
6939,6940
6941,6952
6942,6952
6943,6952
6944,6952
6945,6952
6946,6952
6947,6952
6948,6952
6949,6952
6950,6952
6951,6952
9463,6952
9569,6952
6953,6959
6954,6959
6955,6959
6956,6959
6957,6959
6958,6959
9464,6959
9570,6959
6960,6964
6961,6964
6962,6964
6963,6964
9465,6964
6965,6973
6966,6973
6967,6973
6968,6973
6969,6973
6970,6973
6971,6973
6972,6973
6974,6982
6975,6982
6976,6982
6977,6982
6978,6982
6979,6982
6980,6982
6981,6982
6983,6987
6984,6987
6985,6987
6986,6987
6988,6998
6989,6998
6990,6998
6991,6998
6992,6998
6993,6998
6994,6998
6995,6998
6996,6998
6997,6998
6999,7007
7000,7007
7001,7007
7002,7007
7003,7007
7004,7007
7005,7007
7006,7007
7008,7018
7009,7018
7010,7018
7011,7018
7012,7018
7013,7018
7014,7018
7015,7018
7016,7018
7017,7018
7019,7025
7020,7025
7021,7025
7022,7025
7023,7025
7024,7025
7026,7036
7027,7036
7028,7036
7029,7036
7030,7036
7031,7036
7032,7036
7033,7036
7034,7036
7035,7036
7037,7047
7038,7047
7039,7047
7040,7047
7041,7047
7042,7047
7043,7047
7044,7047
7045,7047
7046,7047
7048,7056
7049,7056
7050,7056
7051,7056
7052,7056
7053,7056
7054,7056
7055,7056
7057,7063
7058,7063
7059,7063
7060,7063
7061,7063
7062,7063
9466,7063
7064,7074
7065,7074
7066,7074
7067,7074
7068,7074
7069,7074
7070,7074
7071,7074
7072,7074
7073,7074
9467,7074
9571,7074
7075,7079
7076,7079
7077,7079
7078,7079
7080,7087
7081,7087
7082,7087
7083,7087
7084,7087
7085,7087
7086,7087
7088,7093
7089,7093
7090,7093
7091,7093
7092,7093
7094,7102
7095,7102
7096,7102
7097,7102
7098,7102
7099,7102
7100,7102
7101,7102
7103,7109
7104,7109
7105,7109
7106,7109
7107,7109
7108,7109
7110,7118
7111,7118
7112,7118
7113,7118
7114,7118
7115,7118
7116,7118
7117,7118
7119,7127
7120,7127
7121,7127
7122,7127
7123,7127
7124,7127
7125,7127
7126,7127
9468,7127
9572,7127
7128,7134
7129,7134
7130,7134
7131,7134
7132,7134
7133,7134
7135,7143
7136,7143
7137,7143
7138,7143
7139,7143
7140,7143
7141,7143
7142,7143
7144,7154
7145,7154
7146,7154
7147,7154
7148,7154
7149,7154
7150,7154
7151,7154
7152,7154
7153,7154
9469,7154
9573,7154
7155,7157
7156,7157
7158,7167
7159,7167
7160,7167
7161,7167
7162,7167
7163,7167
7164,7167
7165,7167
7166,7167
7168,7176
7169,7176
7170,7176
7171,7176
7172,7176
7173,7176
7174,7176
7175,7176
7177,7185
7178,7185
7179,7185
7180,7185
7181,7185
7182,7185
7183,7185
7184,7185
7186,7194
7187,7194
7188,7194
7189,7194
7190,7194
7191,7194
7192,7194
7193,7194
7195,7205
7196,7205
7197,7205
7198,7205
7199,7205
7200,7205
7201,7205
7202,7205
7203,7205
7204,7205
9470,7205
7206,7221
7207,7221
7208,7221
7209,7221
7210,7221
7211,7221
7212,7221
7213,7221
7214,7221
7215,7221
7216,7221
7217,7221
7218,7221
7219,7221
7220,7221
9471,7221
9574,7221
7222,7230
7223,7230
7224,7230
7225,7230
7226,7230
7227,7230
7228,7230
7229,7230
7231,7241
7232,7241
7233,7241
7234,7241
7235,7241
7236,7241
7237,7241
7238,7241
7239,7241
7240,7241
9472,7241
9575,7241
7242,7246
7243,7246
7244,7246
7245,7246
7247,7252
7248,7252
7249,7252
7250,7252
7251,7252
7253,7256
7254,7256
7255,7256
7257,7264
7258,7264
7259,7264
7260,7264
7261,7264
7262,7264
7263,7264
7265,7275
7266,7275
7267,7275
7268,7275
7269,7275
7270,7275
7271,7275
7272,7275
7273,7275
7274,7275
9473,7275
9576,7275
7276,7281
7277,7281
7278,7281
7279,7281
7280,7281
7282,7285
7283,7285
7284,7285
7286,7291
7287,7291
7288,7291
7289,7291
7290,7291
7292,7296
7293,7296
7294,7296
7295,7296
7297,7302
7298,7302
7299,7302
7300,7302
7301,7302
7303,7307
7304,7307
7305,7307
7306,7307
7308,7312
7309,7312
7310,7312
7311,7312
7313,7327
7314,7327
7315,7327
7316,7327
7317,7327
7318,7327
7319,7327
7320,7327
7321,7327
7322,7327
7323,7327
7324,7327
7325,7327
7326,7327
9474,7327
9577,7327
7328,7335
7329,7335
7330,7335
7331,7335
7332,7335
7333,7335
7334,7335
7336,7340
7337,7340
7338,7340
7339,7340
7341,7353
7342,7353
7343,7353
7344,7353
7345,7353
7346,7353
7347,7353
7348,7353
7349,7353
7350,7353
7351,7353
7352,7353
9475,7353
9578,7353
7354,7358
7355,7358
7356,7358
7357,7358
7359,7369
7360,7369
7361,7369
7362,7369
7363,7369
7364,7369
7365,7369
7366,7369
7367,7369
7368,7369
7370,7380
7371,7380
7372,7380
7373,7380
7374,7380
7375,7380
7376,7380
7377,7380
7378,7380
7379,7380
9476,7380
9579,7380
7381,7389
7382,7389
7383,7389
7384,7389
7385,7389
7386,7389
7387,7389
7388,7389
7390,7394
7391,7394
7392,7394
7393,7394
9477,7394
7395,7397
7396,7397
7398,7402
7399,7402
7400,7402
7401,7402
7403,7407
7404,7407
7405,7407
7406,7407
7408,7416
7409,7416
7410,7416
7411,7416
7412,7416
7413,7416
7414,7416
7415,7416
7417,7424
7418,7424
7419,7424
7420,7424
7421,7424
7422,7424
7423,7424
7425,7434
7426,7434
7427,7434
7428,7434
7429,7434
7430,7434
7431,7434
7432,7434
7433,7434
7435,7437
7436,7437
9478,7437
7438,7441
7439,7441
7440,7441
7442,7450
7443,7450
7444,7450
7445,7450
7446,7450
7447,7450
7448,7450
7449,7450
7451,7462
7452,7462
7453,7462
7454,7462
7455,7462
7456,7462
7457,7462
7458,7462
7459,7462
7460,7462
7461,7462
9479,7462
9580,7462
7463,7471
7464,7471
7465,7471
7466,7471
7467,7471
7468,7471
7469,7471
7470,7471
7472,7477
7473,7477
7474,7477
7475,7477
7476,7477
7478,7483
7479,7483
7480,7483
7481,7483
7482,7483
7484,7492
7485,7492
7486,7492
7487,7492
7488,7492
7489,7492
7490,7492
7491,7492
7493,7502
7494,7502
7495,7502
7496,7502
7497,7502
7498,7502
7499,7502
7500,7502
7501,7502
7503,7509
7504,7509
7505,7509
7506,7509
7507,7509
7508,7509
7510,7514
7511,7514
7512,7514
7513,7514
7515,7523
7516,7523
7517,7523
7518,7523
7519,7523
7520,7523
7521,7523
7522,7523
7524,7531
7525,7531
7526,7531
7527,7531
7528,7531
7529,7531
7530,7531
9480,7531
7532,7536
7533,7536
7534,7536
7535,7536
7537,7545
7538,7545
7539,7545
7540,7545
7541,7545
7542,7545
7543,7545
7544,7545
7546,7553
7547,7553
7548,7553
7549,7553
7550,7553
7551,7553
7552,7553
7554,7558
7555,7558
7556,7558
7557,7558
7559,7562
7560,7562
7561,7562
7563,7571
7564,7571
7565,7571
7566,7571
7567,7571
7568,7571
7569,7571
7570,7571
7572,7580
7573,7580
7574,7580
7575,7580
7576,7580
7577,7580
7578,7580
7579,7580
7581,7589
7582,7589
7583,7589
7584,7589
7585,7589
7586,7589
7587,7589
7588,7589
7590,7598
7591,7598
7592,7598
7593,7598
7594,7598
7595,7598
7596,7598
7597,7598
7599,7605
7600,7605
7601,7605
7602,7605
7603,7605
7604,7605
9481,7605
9581,7605
7606,7613
7607,7613
7608,7613
7609,7613
7610,7613
7611,7613
7612,7613
7614,7618
7615,7618
7616,7618
7617,7618
7619,7627
7620,7627
7621,7627
7622,7627
7623,7627
7624,7627
7625,7627
7626,7627
7628,7636
7629,7636
7630,7636
7631,7636
7632,7636
7633,7636
7634,7636
7635,7636
7637,7645
7638,7645
7639,7645
7640,7645
7641,7645
7642,7645
7643,7645
7644,7645
7646,7657
7647,7657
7648,7657
7649,7657
7650,7657
7651,7657
7652,7657
7653,7657
7654,7657
7655,7657
7656,7657
9482,7657
9582,7657
7658,7664
7659,7664
7660,7664
7661,7664
7662,7664
7663,7664
9483,7664
9583,7664
7665,7672
7666,7672
7667,7672
7668,7672
7669,7672
7670,7672
7671,7672
7673,7681
7674,7681
7675,7681
7676,7681
7677,7681
7678,7681
7679,7681
7680,7681
7682,7690
7683,7690
7684,7690
7685,7690
7686,7690
7687,7690
7688,7690
7689,7690
7691,7696
7692,7696
7693,7696
7694,7696
7695,7696
7697,7702
7698,7702
7699,7702
7700,7702
7701,7702
7703,7711
7704,7711
7705,7711
7706,7711
7707,7711
7708,7711
7709,7711
7710,7711
9484,7711
9584,7711
7712,7717
7713,7717
7714,7717
7715,7717
7716,7717
9485,7717
9585,7717
7718,7724
7719,7724
7720,7724
7721,7724
7722,7724
7723,7724
7725,7733
7726,7733
7727,7733
7728,7733
7729,7733
7730,7733
7731,7733
7732,7733
9486,7733
9586,7733
7734,7740
7735,7740
7736,7740
7737,7740
7738,7740
7739,7740
9487,7740
7741,7748
7742,7748
7743,7748
7744,7748
7745,7748
7746,7748
7747,7748
7749,7757
7750,7757
7751,7757
7752,7757
7753,7757
7754,7757
7755,7757
7756,7757
7758,7762
7759,7762
7760,7762
7761,7762
7763,7769
7764,7769
7765,7769
7766,7769
7767,7769
7768,7769
7770,7776
7771,7776
7772,7776
7773,7776
7774,7776
7775,7776
9587,7776
7777,7782
7778,7782
7779,7782
7780,7782
7781,7782
7783,7788
7784,7788
7785,7788
7786,7788
7787,7788
7789,7795
7790,7795
7791,7795
7792,7795
7793,7795
7794,7795
7796,7803
7797,7803
7798,7803
7799,7803
7800,7803
7801,7803
7802,7803
7804,7810
7805,7810
7806,7810
7807,7810
7808,7810
7809,7810
7811,7815
7812,7815
7813,7815
7814,7815
7816,7822
7817,7822
7818,7822
7819,7822
7820,7822
7821,7822
7823,7829
7824,7829
7825,7829
7826,7829
7827,7829
7828,7829
7830,7838
7831,7838
7832,7838
7833,7838
7834,7838
7835,7838
7836,7838
7837,7838
7839,7845
7840,7845
7841,7845
7842,7845
7843,7845
7844,7845
7846,7854
7847,7854
7848,7854
7849,7854
7850,7854
7851,7854
7852,7854
7853,7854
7855,7862
7856,7862
7857,7862
7858,7862
7859,7862
7860,7862
7861,7862
7863,7870
7864,7870
7865,7870
7866,7870
7867,7870
7868,7870
7869,7870
7871,7879
7872,7879
7873,7879
7874,7879
7875,7879
7876,7879
7877,7879
7878,7879
7880,7884
7881,7884
7882,7884
7883,7884
7885,7893
7886,7893
7887,7893
7888,7893
7889,7893
7890,7893
7891,7893
7892,7893
7894,7901
7895,7901
7896,7901
7897,7901
7898,7901
7899,7901
7900,7901
9488,7901
9588,7901
7902,7910
7903,7910
7904,7910
7905,7910
7906,7910
7907,7910
7908,7910
7909,7910
9489,7910
9589,7910
7911,7916
7912,7916
7913,7916
7914,7916
7915,7916
9490,7916
7917,7923
7918,7923
7919,7923
7920,7923
7921,7923
7922,7923
7924,7929
7925,7929
7926,7929
7927,7929
7928,7929
7930,7938
7931,7938
7932,7938
7933,7938
7934,7938
7935,7938
7936,7938
7937,7938
7939,7946
7940,7946
7941,7946
7942,7946
7943,7946
7944,7946
7945,7946
7947,7955
7948,7955
7949,7955
7950,7955
7951,7955
7952,7955
7953,7955
7954,7955
7956,7964
7957,7964
7958,7964
7959,7964
7960,7964
7961,7964
7962,7964
7963,7964
9491,7964
9590,7964
7965,7973
7966,7973
7967,7973
7968,7973
7969,7973
7970,7973
7971,7973
7972,7973
9492,7973
9591,7973
7974,7982
7975,7982
7976,7982
7977,7982
7978,7982
7979,7982
7980,7982
7981,7982
7983,7989
7984,7989
7985,7989
7986,7989
7987,7989
7988,7989
7990,7994
7991,7994
7992,7994
7993,7994
9493,7994
7995,8002
7996,8002
7997,8002
7998,8002
7999,8002
8000,8002
8001,8002
9494,8002
9592,8002
8003,8009
8004,8009
8005,8009
8006,8009
8007,8009
8008,8009
8010,8015
8011,8015
8012,8015
8013,8015
8014,8015
8016,8023
8017,8023
8018,8023
8019,8023
8020,8023
8021,8023
8022,8023
8024,8028
8025,8028
8026,8028
8027,8028
8029,8034
8030,8034
8031,8034
8032,8034
8033,8034
8035,8041
8036,8041
8037,8041
8038,8041
8039,8041
8040,8041
8042,8045
8043,8045
8044,8045
8046,8054
8047,8054
8048,8054
8049,8054
8050,8054
8051,8054
8052,8054
8053,8054
8055,8063
8056,8063
8057,8063
8058,8063
8059,8063
8060,8063
8061,8063
8062,8063
9495,8063
8064,8070
8065,8070
8066,8070
8067,8070
8068,8070
8069,8070
8071,8079
8072,8079
8073,8079
8074,8079
8075,8079
8076,8079
8077,8079
8078,8079
9496,8079
9593,8079
8080,8084
8081,8084
8082,8084
8083,8084
8085,8091
8086,8091
8087,8091
8088,8091
8089,8091
8090,8091
8092,8097
8093,8097
8094,8097
8095,8097
8096,8097
8098,8106
8099,8106
8100,8106
8101,8106
8102,8106
8103,8106
8104,8106
8105,8106
8107,8113
8108,8113
8109,8113
8110,8113
8111,8113
8112,8113
8114,8122
8115,8122
8116,8122
8117,8122
8118,8122
8119,8122
8120,8122
8121,8122
8123,8131
8124,8131
8125,8131
8126,8131
8127,8131
8128,8131
8129,8131
8130,8131
9497,8131
9594,8131
8132,8139
8133,8139
8134,8139
8135,8139
8136,8139
8137,8139
8138,8139
8140,8149
8141,8149
8142,8149
8143,8149
8144,8149
8145,8149
8146,8149
8147,8149
8148,8149
9498,8149
8150,8157
8151,8157
8152,8157
8153,8157
8154,8157
8155,8157
8156,8157
8158,8162
8159,8162
8160,8162
8161,8162
8163,8171
8164,8171
8165,8171
8166,8171
8167,8171
8168,8171
8169,8171
8170,8171
9499,8171
9595,8171
8172,8178
8173,8178
8174,8178
8175,8178
8176,8178
8177,8178
8179,8183
8180,8183
8181,8183
8182,8183
8184,8187
8185,8187
8186,8187
8188,8194
8189,8194
8190,8194
8191,8194
8192,8194
8193,8194
8195,8201
8196,8201
8197,8201
8198,8201
8199,8201
8200,8201
8202,8208
8203,8208
8204,8208
8205,8208
8206,8208
8207,8208
8209,8215
8210,8215
8211,8215
8212,8215
8213,8215
8214,8215
8216,8221
8217,8221
8218,8221
8219,8221
8220,8221
9500,8221
8222,8226
8223,8226
8224,8226
8225,8226
8227,8234
8228,8234
8229,8234
8230,8234
8231,8234
8232,8234
8233,8234
9501,8234
9596,8234
8235,8242
8236,8242
8237,8242
8238,8242
8239,8242
8240,8242
8241,8242
8243,8247
8244,8247
8245,8247
8246,8247
8248,8252
8249,8252
8250,8252
8251,8252
8253,8259
8254,8259
8255,8259
8256,8259
8257,8259
8258,8259
8260,8264
8261,8264
8262,8264
8263,8264
8265,8271
8266,8271
8267,8271
8268,8271
8269,8271
8270,8271
8272,8278
8273,8278
8274,8278
8275,8278
8276,8278
8277,8278
8279,8285
8280,8285
8281,8285
8282,8285
8283,8285
8284,8285
8286,8290
8287,8290
8288,8290
8289,8290
8291,8298
8292,8298
8293,8298
8294,8298
8295,8298
8296,8298
8297,8298
9502,8298
8299,8305
8300,8305
8301,8305
8302,8305
8303,8305
8304,8305
9503,8305
9597,8305
8306,8312
8307,8312
8308,8312
8309,8312
8310,8312
8311,8312
8313,8319
8314,8319
8315,8319
8316,8319
8317,8319
8318,8319
8320,8326
8321,8326
8322,8326
8323,8326
8324,8326
8325,8326
8327,8333
8328,8333
8329,8333
8330,8333
8331,8333
8332,8333
9504,8333
9598,8333
8334,8340
8335,8340
8336,8340
8337,8340
8338,8340
8339,8340
9505,8340
9599,8340
8341,8345
8342,8345
8343,8345
8344,8345
8346,8352
8347,8352
8348,8352
8349,8352
8350,8352
8351,8352
8353,8359
8354,8359
8355,8359
8356,8359
8357,8359
8358,8359
9506,8359
8360,8366
8361,8366
8362,8366
8363,8366
8364,8366
8365,8366
8367,8373
8368,8373
8369,8373
8370,8373
8371,8373
8372,8373
8374,8378
8375,8378
8376,8378
8377,8378
9507,8378
9600,8378
8379,8381
8380,8381
8382,8386
8383,8386
8384,8386
8385,8386
8387,8391
8388,8391
8389,8391
8390,8391
8392,8398
8393,8398
8394,8398
8395,8398
8396,8398
8397,8398
8399,8405
8400,8405
8401,8405
8402,8405
8403,8405
8404,8405
9508,8405
9601,8405
8406,8412
8407,8412
8408,8412
8409,8412
8410,8412
8411,8412
8413,8417
8414,8417
8415,8417
8416,8417
8418,8424
8419,8424
8420,8424
8421,8424
8422,8424
8423,8424
8425,8431
8426,8431
8427,8431
8428,8431
8429,8431
8430,8431
8432,8438
8433,8438
8434,8438
8435,8438
8436,8438
8437,8438
8439,8444
8440,8444
8441,8444
8442,8444
8443,8444
8445,8449
8446,8449
8447,8449
8448,8449
8450,8454
8451,8454
8452,8454
8453,8454
9509,8454
9602,8454
8455,8459
8456,8459
8457,8459
8458,8459
8460,8464
8461,8464
8462,8464
8463,8464
8465,8469
8466,8469
8467,8469
8468,8469
8470,8474
8471,8474
8472,8474
8473,8474
8475,8481
8476,8481
8477,8481
8478,8481
8479,8481
8480,8481
9510,8481
9603,8481
8482,8485
8483,8485
8484,8485
8486,8488
8487,8488
8489,8495
8490,8495
8491,8495
8492,8495
8493,8495
8494,8495
8496,8502
8497,8502
8498,8502
8499,8502
8500,8502
8501,8502
8503,8509
8504,8509
8505,8509
8506,8509
8507,8509
8508,8509
8510,8516
8511,8516
8512,8516
8513,8516
8514,8516
8515,8516
8517,8521
8518,8521
8519,8521
8520,8521
8522,8528
8523,8528
8524,8528
8525,8528
8526,8528
8527,8528
8529,8535
8530,8535
8531,8535
8532,8535
8533,8535
8534,8535
8536,8542
8537,8542
8538,8542
8539,8542
8540,8542
8541,8542
8543,8549
8544,8549
8545,8549
8546,8549
8547,8549
8548,8549
8550,8554
8551,8554
8552,8554
8553,8554
8555,8561
8556,8561
8557,8561
8558,8561
8559,8561
8560,8561
8562,8566
8563,8566
8564,8566
8565,8566
8567,8571
8568,8571
8569,8571
8570,8571
8572,8576
8573,8576
8574,8576
8575,8576
8577,8582
8578,8582
8579,8582
8580,8582
8581,8582
8583,8586
8584,8586
8585,8586
8587,8592
8588,8592
8589,8592
8590,8592
8591,8592
8593,8599
8594,8599
8595,8599
8596,8599
8597,8599
8598,8599
9511,8599
9604,8599
8600,8605
8601,8605
8602,8605
8603,8605
8604,8605
9512,8605
9605,8605
8606,8610
8607,8610
8608,8610
8609,8610
8611,8615
8612,8615
8613,8615
8614,8615
8616,8620
8617,8620
8618,8620
8619,8620
8621,8625
8622,8625
8623,8625
8624,8625
8626,8630
8627,8630
8628,8630
8629,8630
8631,8635
8632,8635
8633,8635
8634,8635
8636,8640
8637,8640
8638,8640
8639,8640
8641,8647
8642,8647
8643,8647
8644,8647
8645,8647
8646,8647
8648,8652
8649,8652
8650,8652
8651,8652
8653,8659
8654,8659
8655,8659
8656,8659
8657,8659
8658,8659
8660,8664
8661,8664
8662,8664
8663,8664
8665,8671
8666,8671
8667,8671
8668,8671
8669,8671
8670,8671
8672,8676
8673,8676
8674,8676
8675,8676
8677,8683
8678,8683
8679,8683
8680,8683
8681,8683
8682,8683
8684,8690
8685,8690
8686,8690
8687,8690
8688,8690
8689,8690
8691,8695
8692,8695
8693,8695
8694,8695
8696,8702
8697,8702
8698,8702
8699,8702
8700,8702
8701,8702
8703,8709
8704,8709
8705,8709
8706,8709
8707,8709
8708,8709
8710,8715
8711,8715
8712,8715
8713,8715
8714,8715
9513,8715
9606,8715
8716,8720
8717,8720
8718,8720
8719,8720
8721,8726
8722,8726
8723,8726
8724,8726
8725,8726
8727,8729
8728,8729
8730,8735
8731,8735
8732,8735
8733,8735
8734,8735
8736,8742
8737,8742
8738,8742
8739,8742
8740,8742
8741,8742
9514,8742
9607,8742
8743,8747
8744,8747
8745,8747
8746,8747
8748,8754
8749,8754
8750,8754
8751,8754
8752,8754
8753,8754
9515,8754
9608,8754
8755,8759
8756,8759
8757,8759
8758,8759
8760,8764
8761,8764
8762,8764
8763,8764
8765,8770
8766,8770
8767,8770
8768,8770
8769,8770
8771,8775
8772,8775
8773,8775
8774,8775
8776,8780
8777,8780
8778,8780
8779,8780
8781,8787
8782,8787
8783,8787
8784,8787
8785,8787
8786,8787
8788,8792
8789,8792
8790,8792
8791,8792
8793,8797
8794,8797
8795,8797
8796,8797
8798,8804
8799,8804
8800,8804
8801,8804
8802,8804
8803,8804
8805,8811
8806,8811
8807,8811
8808,8811
8809,8811
8810,8811
8812,8816
8813,8816
8814,8816
8815,8816
8817,8821
8818,8821
8819,8821
8820,8821
8822,8826
8823,8826
8824,8826
8825,8826
8827,8833
8828,8833
8829,8833
8830,8833
8831,8833
8832,8833
8834,8838
8835,8838
8836,8838
8837,8838
8839,8843
8840,8843
8841,8843
8842,8843
8844,8848
8845,8848
8846,8848
8847,8848
8849,8854
8850,8854
8851,8854
8852,8854
8853,8854
8855,8860
8856,8860
8857,8860
8858,8860
8859,8860
8861,8866
8862,8866
8863,8866
8864,8866
8865,8866
9516,8866
8867,8872
8868,8872
8869,8872
8870,8872
8871,8872
8873,8877
8874,8877
8875,8877
8876,8877
8878,8882
8879,8882
8880,8882
8881,8882
8883,8887
8884,8887
8885,8887
8886,8887
8888,8893
8889,8893
8890,8893
8891,8893
8892,8893
8894,8898
8895,8898
8896,8898
8897,8898
8899,8903
8900,8903
8901,8903
8902,8903
8904,8908
8905,8908
8906,8908
8907,8908
9517,8908
9609,8908
8909,8914
8910,8914
8911,8914
8912,8914
8913,8914
8915,8919
8916,8919
8917,8919
8918,8919
8920,8924
8921,8924
8922,8924
8923,8924
8925,8930
8926,8930
8927,8930
8928,8930
8929,8930
8931,8936
8932,8936
8933,8936
8934,8936
8935,8936
9518,8936
8937,8941
8938,8941
8939,8941
8940,8941
8942,8946
8943,8946
8944,8946
8945,8946
8947,8949
8948,8949
8950,8953
8951,8953
8952,8953
8954,8958
8955,8958
8956,8958
8957,8958
9519,8958
8959,8963
8960,8963
8961,8963
8962,8963
8964,8968
8965,8968
8966,8968
8967,8968
8969,8974
8970,8974
8971,8974
8972,8974
8973,8974
8975,8979
8976,8979
8977,8979
8978,8979
8980,8984
8981,8984
8982,8984
8983,8984
8985,8989
8986,8989
8987,8989
8988,8989
8990,8994
8991,8994
8992,8994
8993,8994
8995,9000
8996,9000
8997,9000
8998,9000
8999,9000
9001,9006
9002,9006
9003,9006
9004,9006
9005,9006
9007,9012
9008,9012
9009,9012
9010,9012
9011,9012
9520,9012
9013,9017
9014,9017
9015,9017
9016,9017
9018,9022
9019,9022
9020,9022
9021,9022
9023,9027
9024,9027
9025,9027
9026,9027
9028,9031
9029,9031
9030,9031
9032,9037
9033,9037
9034,9037
9035,9037
9036,9037
9521,9037
9038,9042
9039,9042
9040,9042
9041,9042
9043,9047
9044,9047
9045,9047
9046,9047
9048,9051
9049,9051
9050,9051
9052,9056
9053,9056
9054,9056
9055,9056
9057,9061
9058,9061
9059,9061
9060,9061
9062,9066
9063,9066
9064,9066
9065,9066
9067,9071
9068,9071
9069,9071
9070,9071
9072,9074
9073,9074
9075,9079
9076,9079
9077,9079
9078,9079
9522,9079
9080,9084
9081,9084
9082,9084
9083,9084
9085,9089
9086,9089
9087,9089
9088,9089
9090,9094
9091,9094
9092,9094
9093,9094
9095,9099
9096,9099
9097,9099
9098,9099
9100,9102
9101,9102
9103,9107
9104,9107
9105,9107
9106,9107
9108,9112
9109,9112
9110,9112
9111,9112
9113,9117
9114,9117
9115,9117
9116,9117
9118,9124
9119,9124
9120,9124
9121,9124
9122,9124
9123,9124
9125,9129
9126,9129
9127,9129
9128,9129
9130,9134
9131,9134
9132,9134
9133,9134
9135,9137
9136,9137
9138,9142
9139,9142
9140,9142
9141,9142
9143,9146
9144,9146
9145,9146
9147,9150
9148,9150
9149,9150
9151,9153
9152,9153
9154,9156
9155,9156
9157,9161
9158,9161
9159,9161
9160,9161
9523,9161
9162,9166
9163,9166
9164,9166
9165,9166
9167,9169
9168,9169
9170,9172
9171,9172
9173,9176
9174,9176
9175,9176
9177,9179
9178,9179
9180,9184
9181,9184
9182,9184
9183,9184
9185,9189
9186,9189
9187,9189
9188,9189
9190,9194
9191,9194
9192,9194
9193,9194
9610,9194
9195,9199
9196,9199
9197,9199
9198,9199
9200,9202
9201,9202
9203,9208
9204,9208
9205,9208
9206,9208
9207,9208
9209,9213
9210,9213
9211,9213
9212,9213
9214,9218
9215,9218
9216,9218
9217,9218
9219,9221
9220,9221
9222,9224
9223,9224
9225,9227
9226,9227
9228,9230
9229,9230
9231,9233
9232,9233
9234,9238
9235,9238
9236,9238
9237,9238
9239,9243
9240,9243
9241,9243
9242,9243
9244,9248
9245,9248
9246,9248
9247,9248
9249,9252
9250,9252
9251,9252
9253,9256
9254,9256
9255,9256
9257,9259
9258,9259
9260,9263
9261,9263
9262,9263
9264,9267
9265,9267
9266,9267
9268,9271
9269,9271
9270,9271
9272,9275
9273,9275
9274,9275
9276,9279
9277,9279
9278,9279
9280,9283
9281,9283
9282,9283
9284,9286
9285,9286
9287,9289
9288,9289
9290,9292
9291,9292
9293,9296
9294,9296
9295,9296
9297,9300
9298,9300
9299,9300
9301,9303
9302,9303
9304,9307
9305,9307
9306,9307
9308,9310
9309,9310
9311,9314
9312,9314
9313,9314
9315,9317
9316,9317
9318,9321
9319,9321
9320,9321
9322,9324
9323,9324
9325,9327
9326,9327
9328,9330
9329,9330
9331,9333
9332,9333
9334,9336
9335,9336
9337,9339
9338,9339
9340,9343
9341,9343
9342,9343
9344,9346
9345,9346
9347,9350
9348,9350
9349,9350
9351,9353
9352,9353
9354,9356
9355,9356
9357,9360
9358,9360
9359,9360
9361,9363
9362,9363
9364,9367
9365,9367
9366,9367
9368,9370
9369,9370
9371,9373
9372,9373
9374,9376
9375,9376
9377,9379
9378,9379
9380,9382
9381,9382
9383,9385
9384,9385
9386,9388
9387,9388
9389,9391
9390,9391
9392,9394
9393,9394
9395,9397
9396,9397
9398,9400
9399,9400
9401,9403
9402,9403
9404,9406
9405,9406
9407,9409
9408,9409
9410,9412
9411,9412
