idEvent,idHospUnit
1433,1228
1434,1242
1435,1298
1436,1242
1437,1206
1438,1242
1441,1236
1442,1238
1445,1251
1446,1228
1447,1292
1448,1228
1451,1224
1452,1205
1453,1224
1454,1237
1455,1296
1456,1237
1457,1238
1458,1296
1459,1238
1460,1238
1461,1296
1462,1238
1465,1242
1466,1221
1467,1207
1468,1221
1469,1289
1470,1221
1471,1208
1472,1221
1473,1289
1474,1221
1475,1207
1476,1221
1479,1231
1480,1241
1481,1209
1482,1241
1483,1297
1484,1241
1485,1205
1486,1241
1487,1297
1488,1241
1489,1207
1490,1241
1493,1237
1494,1241
1495,1205
1496,1241
1497,1297
1498,1241
1499,1208
1500,1241
1503,1203
1504,1254
1505,1220
1506,1208
1507,1220
1508,1288
1509,1220
1510,1208
1511,1220
1512,1288
1513,1220
1514,1207
1515,1220
1518,1223
1519,1227
1520,1207
1521,1227
1524,1234
1527,1255
1528,1256
1529,1242
1530,1208
1531,1242
1532,1298
1533,1242
1536,1246
1537,1235
1538,1208
1539,1235
1540,1295
1541,1235
1542,1236
1545,1238
1546,1235
1547,1205
1548,1235
1551,1222
1552,1229
1553,1292
1554,1229
1555,1206
1556,1229
1557,1292
1558,1229
1561,1229
1562,1221
1563,1205
1564,1221
1565,1205
1566,1221
1567,1208
1568,1221
1569,1289
1570,1221
1571,1206
1572,1221
1575,1201
1576,1286
1577,1224
1578,1232
1579,1207
1580,1232
1583,1243
1586,1245
1587,1247
1588,1302
1589,1247
1590,1251
1591,1302
1592,1251
1593,1208
1594,1251
1597,1239
1598,1297
1599,1239
1600,1238
1603,1250
1604,1244
1605,1300
1606,1244
1607,1207
1608,1244
1609,1210
1610,1244
1611,1300
1612,1244
1615,1254
1616,1236
1619,1251
1620,1243
1621,1210
1622,1243
1623,1206
1624,1243
1625,1299
1626,1243
1627,1243
1628,1203
1629,1258
1632,1251
1635,1227
1636,1243
1637,1205
1638,1243
1639,1299
1640,1243
1641,1207
1642,1243
1645,1246
1646,1228
1647,1292
1648,1228
1651,1249
1652,1242
1653,1205
1654,1242
1657,1259
1658,1228
1659,1203
1660,1250
1661,1302
1662,1250
1663,1249
1664,1302
1665,1249
1666,1210
1667,1249
1668,1302
1669,1249
1672,1246
1675,1253
1676,1234
1679,1247
1680,1242
1681,1207
1682,1242
1683,1298
1684,1242
1685,1207
1686,1242
1689,1247
1690,1245
1691,1210
1692,1245
1693,1205
1694,1245
1697,1254
1698,1231
1699,1294
1700,1231
1701,1206
1702,1231
1705,1248
1706,1249
1707,1227
1708,1207
1709,1227
1710,1292
1711,1227
1714,1229
1715,1233
1716,1208
1717,1233
1720,1235
1721,1240
1722,1206
1723,1240
1724,1297
1725,1240
1726,1206
1727,1240
1730,1244
1731,1228
1732,1227
1735,1226
1736,1249
1737,1208
1738,1249
1739,1302
1740,1249
1741,1207
1742,1249
1743,1302
1744,1249
1747,1259
1748,1244
1749,1203
1750,1251
1753,1228
1754,1245
1755,1207
1756,1245
1759,1237
1762,1223
1763,1290
1764,1223
1765,1233
1768,1235
1769,1227
1770,1292
1771,1227
1772,1205
1773,1227
1776,1253
1777,1244
1780,1201
1781,1203
1782,1253
1783,1239
1784,1203
1785,1223
1788,1223
1789,1208
1790,1223
1791,1236
1792,1295
1793,1236
1796,1245
1797,1228
1798,1292
1799,1228
1802,1228
1803,1236
1804,1295
1805,1236
1806,1205
1807,1236
1810,1234
1811,1239
1812,1206
1813,1239
1814,1297
1815,1239
1816,1205
1817,1239
1820,1224
1821,1231
1824,1243
1825,1240
1828,1256
1829,1235
1830,1206
1831,1235
1832,1295
1833,1235
1836,1242
1837,1243
1838,1207
1839,1243
1840,1205
1841,1243
1842,1299
1843,1243
1844,1243
1847,1242
1848,1210
1849,1242
1850,1235
1851,1295
1852,1235
1855,1229
1856,1240
1859,1224
1862,1242
1863,1237
1864,1209
1865,1237
1866,1296
1867,1237
1870,1234
1871,1244
1872,1300
1873,1244
1874,1207
1875,1244
1876,1300
1877,1244
1878,1207
1879,1244
1882,1241
1883,1238
1886,1244
1887,1238
1888,1296
1889,1238
1892,1230
1893,1221
1896,1256
1897,1235
1898,1234
1899,1208
1900,1234
1901,1295
1902,1234
1903,1208
1904,1234
1905,1295
1906,1234
1909,1234
1910,1227
1911,1209
1912,1227
1915,1223
1916,1240
1917,1209
1918,1240
1919,1297
1920,1240
1921,1205
1922,1240
1923,1297
1924,1240
1927,1232
1928,1294
1929,1232
1930,1236
1931,1203
1932,1254
1933,1303
1934,1254
1935,1206
1936,1254
1937,1303
1938,1254
1941,1253
1942,1230
1945,1248
1946,1241
1947,1203
1948,1259
1949,1304
1950,1259
1951,1205
1952,1259
1953,1304
1954,1259
1955,1258
1956,1304
1957,1258
1960,1236
1961,1221
1962,1203
1965,1238
1966,1229
1967,1207
1968,1229
1971,1232
1974,1239
1975,1205
1976,1239
1979,1223
1980,1245
1983,1253
1984,1233
1985,1208
1986,1233
1987,1205
1988,1233
1991,1233
1992,1295
1993,1233
1994,1241
1995,1240
1996,1297
1997,1240
1998,1239
1999,1203
2000,1251
2001,1205
2002,1251
2003,1302
2004,1251
2007,1227
2008,1237
2009,1205
2010,1237
2011,1296
2012,1237
2013,1205
2014,1237
2015,1207
2016,1237
2017,1296
2018,1237
2021,1246
2024,1228
2025,1205
2026,1228
2027,1241
2028,1297
2029,1241
2030,1205
2031,1241
2032,1208
2033,1241
2034,1297
2035,1241
2036,1210
2037,1241
2040,1254
2041,1221
2042,1205
2043,1221
2044,1289
2045,1221
2046,1205
2047,1221
2048,1289
2049,1221
2050,1205
2051,1221
2054,1229
2055,1243
2056,1299
2057,1243
2060,1258
2061,1207
2062,1258
2063,1236
2064,1295
2065,1236
2068,1241
2069,1237
2070,1208
2071,1237
2072,1296
2073,1237
2074,1207
2075,1237
2076,1296
2077,1237
2078,1209
2079,1237
2082,1225
2083,1291
2084,1225
2085,1229
2086,1228
2089,1222
2090,1206
2091,1222
2092,1234
2093,1209
2094,1234
2095,1295
2096,1234
2097,1295
2098,1234
2099,1205
2100,1234
2103,1252
2104,1240
2105,1205
2106,1240
2107,1297
2108,1240
2109,1205
2110,1240
2113,1201
2114,1203
2115,1225
2116,1227
2119,1241
2120,1297
2121,1241
2122,1252
2123,1252
2124,1205
2125,1252
2128,1223
2131,1233
2132,1238
2135,1255
2136,1233
2139,1221
2140,1209
2141,1221
2144,1249
2147,1253
2148,1236
2149,1295
2150,1236
2151,1203
2152,1247
2153,1203
2154,1225
2157,1239
2158,1231
2161,1201
2162,1203
2163,1246
2164,1240
2165,1203
2166,1259
2169,1249
2170,1220
2171,1288
2172,1220
2175,1224
2178,1243
2179,1240
2180,1297
2181,1240
2184,1246
2185,1241
2188,1236
2191,1231
2192,1245
2193,1205
2194,1245
2195,1301
2196,1245
2197,1207
2198,1245
2199,1301
2200,1245
2203,1252
2204,1234
2207,1201
2208,1209
2209,1223
2210,1239
2211,1297
2212,1239
2213,1206
2214,1239
2215,1207
2216,1239
2219,1224
2220,1229
2221,1292
2222,1229
2225,1249
2226,1232
2227,1294
2228,1232
2229,1205
2230,1232
2233,1220
2234,1236
2235,1295
2236,1236
2237,1210
2238,1236
2241,1258
2242,1235
2243,1208
2244,1235
2247,1229
2248,1292
2249,1229
2250,1242
2251,1298
2252,1242
2255,1250
2256,1243
2259,1259
2260,1248
2261,1206
2262,1248
2263,1302
2264,1248
2265,1207
2266,1248
2267,1302
2268,1248
2269,1209
2270,1248
2273,1239
2274,1237
2275,1296
2276,1237
2279,1251
2280,1208
2281,1251
2282,1239
2283,1297
2284,1239
2287,1243
2288,1299
2289,1243
2290,1233
2291,1295
2292,1233
2293,1234
2296,1243
2299,1221
2300,1208
2301,1221
2302,1238
2305,1232
2306,1244
2307,1207
2308,1244
2309,1300
2310,1244
2311,1205
2312,1244
2313,1300
2314,1244
2317,1258
2320,1248
2321,1302
2322,1248
2323,1237
2324,1296
2325,1237
2326,1208
2327,1237
2328,1207
2329,1237
2330,1296
2331,1237
2334,1243
2337,1239
2338,1297
2339,1239
2340,1234
2341,1295
2342,1234
2345,1250
2346,1236
2347,1295
2348,1236
2349,1206
2350,1236
2351,1295
2352,1236
2353,1209
2354,1236
2355,1295
2356,1236
2359,1221
2360,1289
2361,1221
2362,1229
2363,1292
2364,1229
2367,1225
2370,1246
2371,1234
2372,1234
2375,1236
2376,1236
2377,1244
2378,1300
2379,1244
2380,1205
2381,1244
2382,1210
2383,1244
2384,1300
2385,1244
2386,1209
2387,1244
2390,1259
2391,1304
2392,1259
2393,1238
2394,1208
2395,1238
2396,1296
2397,1238
2398,1205
2399,1238
2400,1296
2401,1238
2404,1241
2405,1243
2406,1205
2407,1243
2408,1299
2409,1243
2410,1208
2411,1243
2412,1299
2413,1243
2416,1246
2417,1231
2420,1250
2421,1245
2422,1301
2423,1245
2426,1248
2427,1224
2428,1205
2429,1224
2432,1240
2433,1238
2434,1296
2435,1238
2438,1231
2441,1250
2442,1227
2443,1292
2444,1227
2445,1203
2446,1226
2447,1207
2448,1226
2449,1291
2450,1226
2451,1203
2452,1220
2453,1203
2454,1248
2457,1222
2460,1256
2463,1237
2464,1239
2465,1297
2466,1239
2467,1209
2468,1239
2469,1207
2470,1239
2473,1256
2474,1303
2475,1256
2476,1221
2477,1289
2478,1221
2479,1221
2480,1206
2481,1221
2482,1289
2483,1221
2484,1221
2487,1229
2488,1238
2489,1205
2490,1238
2493,1233
2494,1228
2495,1228
2496,1292
2497,1228
2500,1236
2501,1230
2502,1206
2503,1230
2504,1293
2505,1230
2506,1206
2507,1230
2508,1293
2509,1230
2510,1208
2511,1230
2514,1239
2515,1228
2516,1207
2517,1228
2518,1292
2519,1228
2520,1208
2521,1228
2524,1240
2525,1233
2526,1295
2527,1233
2528,1207
2529,1233
2530,1295
2531,1233
2532,1208
2533,1233
2536,1259
2537,1304
2538,1259
2539,1239
2540,1297
2541,1239
2542,1210
2543,1239
2546,1256
2547,1239
2548,1297
2549,1239
2552,1223
2553,1229
2554,1208
2555,1229
2558,1239
2559,1227
2560,1205
2561,1227
2564,1227
2565,1234
2566,1295
2567,1234
2568,1205
2569,1234
2572,1254
2575,1233
2578,1244
2579,1209
2580,1244
2581,1231
2584,1243
2587,1231
2588,1205
2589,1231
2590,1250
2591,1208
2592,1250
2593,1302
2594,1250
2595,1205
2596,1250
2599,1220
2602,1246
2603,1220
2604,1208
2605,1220
2606,1205
2607,1220
2608,1288
2609,1220
2610,1220
2611,1206
2612,1220
2613,1288
2614,1220
2617,1254
2618,1205
2619,1254
2620,1221
2621,1289
2622,1221
2625,1253
2626,1234
2627,1295
2628,1234
2631,1256
2632,1230
2633,1293
2634,1230
2635,1205
2636,1230
2637,1293
2638,1230
2641,1249
2644,1232
2645,1205
2646,1232
2649,1252
2652,1227
2653,1243
2654,1299
2655,1243
2656,1207
2657,1243
2658,1299
2659,1243
2662,1246
2663,1302
2664,1246
2665,1242
2666,1242
2667,1298
2668,1242
2669,1242
2672,1248
2673,1242
2674,1209
2675,1242
2678,1245
2679,1240
2680,1205
2681,1240
2682,1297
2683,1240
2684,1205
2685,1240
2686,1297
2687,1240
2688,1205
2689,1240
2692,1231
2693,1244
2694,1206
2695,1244
2696,1300
2697,1244
2698,1207
2699,1244
2700,1205
2701,1244
2702,1300
2703,1244
2706,1223
2707,1290
2708,1223
2709,1233
2712,1258
2715,1233
2718,1223
2719,1229
2720,1208
2721,1229
2722,1292
2723,1229
2724,1227
2727,1247
2728,1206
2729,1247
2730,1255
2733,1247
2734,1234
2735,1295
2736,1234
2737,1236
2740,1226
2741,1237
2742,1205
2743,1237
2744,1296
2745,1237
2746,1209
2747,1237
2748,1296
2749,1237
2752,1235
2753,1241
2754,1208
2755,1241
2756,1297
2757,1241
2760,1240
2761,1228
2762,1205
2763,1228
2764,1292
2765,1228
2766,1205
2767,1228
2768,1207
2769,1228
2772,1228
2773,1239
2774,1297
2775,1239
2776,1205
2777,1239
2778,1297
2779,1239
2780,1241
2781,1205
2782,1241
2783,1297
2784,1241
2787,1257
2790,1255
2791,1205
2792,1255
2793,1228
2794,1209
2795,1228
2796,1292
2797,1228
2798,1292
2799,1228
2800,1205
2801,1228
2804,1233
2805,1231
2806,1294
2807,1231
2810,1250
2811,1235
2812,1210
2813,1235
2814,1295
2815,1235
2818,1242
2819,1239
2820,1205
2821,1239
2822,1297
2823,1239
2826,1247
2829,1226
2830,1205
2831,1226
2832,1233
2833,1295
2834,1233
2835,1234
2836,1206
2837,1234
2838,1295
2839,1234
2842,1256
2843,1244
2846,1232
2849,1203
2850,1207
2851,1203
2852,1254
2853,1241
2854,1203
2857,1250
2858,1238
2859,1205
2860,1238
2861,1296
2862,1238
2865,1239
2866,1232
2867,1206
2868,1232
2871,1251
2872,1241
2873,1297
2874,1241
2875,1206
2876,1241
2877,1297
2878,1241
2879,1206
2880,1241
2881,1297
2882,1241
2885,1248
2888,1224
2889,1206
2890,1224
2891,1245
2892,1209
2893,1245
2896,1239
2897,1229
2898,1207
2899,1229
2900,1292
2901,1229
2902,1228
2903,1203
2904,1254
2905,1303
2906,1254
2907,1205
2908,1254
2911,1222
2912,1243
2913,1207
2914,1243
2915,1299
2916,1243
2919,1242
2920,1234
2921,1295
2922,1234
2923,1236
2924,1295
2925,1236
2926,1209
2927,1236
2928,1295
2929,1236
2932,1224
2933,1230
2934,1293
2935,1230
2936,1206
2937,1230
2938,1293
2939,1230
2942,1201
2943,1206
2944,1222
2947,1259
2948,1245
2951,1235
2954,1236
2955,1205
2956,1236
2959,1258
2960,1228
2961,1292
2962,1228
2963,1228
2966,1220
2969,1239
2972,1231
2973,1206
2974,1231
2975,1245
2976,1203
2977,1225
2978,1203
2979,1222
2980,1290
2981,1222
2984,1239
2987,1244
2988,1244
2989,1249
2990,1203
2993,1203
2994,1210
2995,1203
2996,1252
2997,1220
2998,1288
2999,1220
3000,1220
3001,1288
3002,1220
3005,1220
3006,1238
3007,1207
3008,1238
3009,1296
3010,1238
3011,1205
3012,1238
3015,1239
3018,1233
3019,1230
3020,1210
3021,1230
3022,1293
3023,1230
3024,1208
3025,1230
3028,1246
3029,1229
3030,1292
3031,1229
3032,1208
3033,1229
3034,1292
3035,1229
3036,1205
3037,1229
3038,1206
3039,1229
3042,1250
3043,1222
3046,1244
3047,1238
3048,1296
3049,1238
3050,1206
3051,1238
3052,1296
3053,1238
3056,1256
3057,1205
3058,1256
3059,1231
3060,1294
3061,1231
3062,1208
3063,1231
3064,1294
3065,1231
3066,1205
3067,1231
3070,1235
3071,1206
3072,1235
3073,1221
3074,1289
3075,1221
3076,1206
3077,1221
3078,1206
3079,1221
3080,1210
3081,1221
3084,1255
3085,1303
3086,1255
3089,1228
3092,1201
3093,1250
3096,1225
3097,1238
3100,1256
3101,1229
3102,1203
3103,1258
3104,1304
3105,1258
3108,1222
3109,1236
3110,1295
3111,1236
3112,1205
3113,1236
3114,1295
3115,1236
3116,1210
3117,1236
3118,1295
3119,1236
3120,1235
3123,1235
3124,1240
3127,1203
3128,1207
3129,1203
3130,1223
3131,1243
3132,1299
3133,1243
3134,1208
3135,1243
3136,1203
3137,1247
3138,1209
3139,1247
3142,1236
3145,1252
3146,1245
3147,1301
3148,1245
3151,1238
3152,1233
3155,1234
3156,1295
3157,1234
3158,1221
3159,1289
3160,1221
3161,1207
3162,1221
3163,1207
3164,1221
3165,1289
3166,1221
3169,1245
3170,1205
3171,1245
3172,1234
3173,1295
3174,1234
3175,1205
3176,1234
3177,1295
3178,1234
3181,1256
3184,1258
3185,1231
3186,1294
3187,1231
3190,1249
3191,1242
3194,1229
3195,1292
3196,1229
3197,1221
3198,1203
3199,1222
3202,1240
3205,1249
3206,1237
3207,1206
3208,1237
3209,1296
3210,1237
3211,1208
3212,1237
3215,1230
3218,1222
3219,1236
3220,1295
3221,1236
3222,1233
3225,1246
3226,1241
3227,1205
3228,1241
3229,1297
3230,1241
3231,1208
3232,1241
3235,1251
3236,1230
3237,1208
3238,1230
3239,1293
3240,1230
3241,1230
3244,1255
3245,1232
3246,1207
3247,1232
3248,1294
3249,1232
3250,1205
3251,1232
3252,1294
3253,1232
3254,1205
3255,1232
3258,1237
3259,1208
3260,1237
3263,1259
3264,1257
3265,1221
3266,1208
3267,1221
3268,1205
3269,1221
3270,1205
3271,1221
3272,1289
3273,1221
3274,1208
3275,1221
3278,1231
3279,1228
3280,1292
3281,1228
3282,1206
3283,1228
3284,1292
3285,1228
3288,1242
3289,1205
3290,1242
3291,1227
3292,1203
3293,1247
3296,1246
3297,1232
3300,1223
3303,1237
3306,1222
3307,1290
3308,1222
3311,1225
3312,1291
3313,1225
3314,1244
3317,1225
3320,1240
3321,1205
3322,1240
3323,1233
3324,1207
3325,1233
3326,1295
3327,1233
3328,1295
3329,1233
3330,1207
3331,1233
3334,1234
3335,1295
3336,1234
3339,1231
3340,1294
3341,1231
3342,1231
3343,1251
3344,1302
3345,1251
3348,1221
3349,1243
3350,1206
3351,1243
3354,1224
3355,1237
3356,1208
3357,1237
3358,1205
3359,1237
3362,1238
3365,1238
3366,1237
3367,1207
3368,1237
3369,1239
3370,1203
3373,1239
3374,1205
3375,1239
3376,1242
3377,1203
3378,1226
3379,1291
3380,1226
3381,1205
3382,1226
3385,1244
3386,1300
3387,1244
3390,1223
3393,1258
3394,1231
3395,1294
3396,1231
3397,1206
3398,1231
3399,1294
3400,1231
3403,1225
3406,1238
3407,1235
3408,1295
3409,1235
3412,1244
3413,1239
3414,1240
3415,1203
3416,1224
3419,1255
3420,1240
3421,1208
3422,1240
3425,1255
3428,1225
3429,1240
3430,1297
3431,1240
3434,1229
3435,1241
3436,1297
3437,1241
3438,1210
3439,1241
3440,1297
3441,1241
3442,1241
3443,1297
3444,1241
3445,1240
3448,1247
3451,1251
3452,1233
3453,1295
3454,1233
3455,1208
3456,1233
3459,1253
3460,1237
3461,1206
3462,1237
3463,1296
3464,1237
3465,1205
3466,1237
3467,1208
3468,1237
3469,1296
3470,1237
3473,1236
3474,1255
3475,1303
3476,1255
3477,1205
3478,1255
3479,1303
3480,1255
3481,1206
3482,1255
3483,1303
3484,1255
3485,1254
3488,1220
3489,1239
3490,1207
3491,1239
3492,1297
3493,1239
3496,1227
3497,1205
3498,1227
3499,1244
3500,1203
3501,1249
3502,1203
3505,1257
3506,1239
3507,1205
3508,1239
3511,1239
3512,1297
3513,1239
3514,1231
3515,1207
3516,1231
3519,1221
3520,1242
3521,1298
3522,1242
3523,1209
3524,1242
3525,1298
3526,1242
3527,1206
3528,1242
3531,1227
3532,1238
3533,1208
3534,1238
3535,1296
3536,1238
3539,1231
3540,1240
3541,1297
3542,1240
3543,1208
3544,1240
3545,1205
3546,1240
3547,1297
3548,1240
3549,1205
3550,1240
3553,1242
3554,1220
3555,1207
3556,1220
3557,1288
3558,1220
3559,1220
3560,1203
3561,1259
3564,1258
3565,1227
3566,1292
3567,1227
3570,1233
3571,1295
3572,1233
3573,1229
3574,1203
3575,1246
3576,1203
3577,1225
3580,1240
3581,1236
3582,1295
3583,1236
3584,1236
3585,1295
3586,1236
3589,1237
3590,1235
3591,1205
3592,1235
3593,1295
3594,1235
3595,1206
3596,1235
3599,1228
3602,1230
3605,1242
3606,1243
3607,1206
3608,1243
3609,1299
3610,1243
3611,1208
3612,1243
3613,1299
3614,1243
3615,1208
3616,1243
3619,1249
3622,1203
3625,1222
3626,1207
3627,1222
3630,1234
3631,1221
3632,1289
3633,1221
3634,1205
3635,1221
3636,1289
3637,1221
3638,1206
3639,1221
3640,1289
3641,1221
3642,1221
3645,1243
3646,1233
3647,1295
3648,1233
3651,1248
3652,1242
3653,1298
3654,1242
3655,1205
3656,1242
3659,1247
3660,1206
3661,1247
3662,1244
3665,1226
3666,1228
3667,1292
3668,1228
3671,1203
3674,1237
3675,1296
3676,1237
3677,1242
3678,1203
3681,1233
3684,1236
3685,1207
3686,1236
3687,1221
3690,1229
3691,1208
3692,1229
3693,1220
3694,1288
3695,1220
3698,1247
3699,1237
3702,1240
3705,1245
3706,1257
3709,1246
3710,1231
3711,1294
3712,1231
3713,1231
3714,1294
3715,1231
3716,1205
3717,1231
3718,1294
3719,1231
3722,1234
3723,1243
3726,1221
3727,1240
3728,1206
3729,1240
3730,1206
3731,1240
3732,1209
3733,1240
3734,1297
3735,1240
3738,1256
3739,1230
3740,1207
3741,1230
3742,1210
3743,1230
3746,1238
3749,1220
3750,1227
3751,1292
3752,1227
3753,1227
3754,1292
3755,1227
3756,1207
3757,1227
3758,1292
3759,1227
3762,1244
3763,1238
3766,1240
3769,1225
3770,1291
3771,1225
3772,1252
3773,1303
3774,1252
3775,1205
3776,1252
3779,1245
3780,1231
3781,1209
3782,1231
3783,1205
3784,1231
3785,1294
3786,1231
3787,1203
3788,1258
3789,1304
3790,1258
3793,1231
3794,1238
3795,1296
3796,1238
3797,1238
3798,1207
3799,1238
3800,1296
3801,1238
3804,1241
3807,1231
3808,1238
3809,1296
3810,1238
3813,1244
3816,1223
3817,1241
3818,1210
3819,1241
3820,1297
3821,1241
3824,1223
3827,1259
3828,1242
3829,1298
3830,1242
3831,1205
3832,1242
3833,1298
3834,1242
3835,1205
3836,1242
3837,1298
3838,1242
3839,1242
3842,1252
3843,1234
3844,1295
3845,1234
3846,1208
3847,1234
3848,1207
3849,1234
3852,1203
3853,1224
3854,1227
3857,1246
3858,1237
3859,1205
3860,1237
3861,1296
3862,1237
3863,1209
3864,1237
3865,1205
3866,1237
3867,1296
3868,1237
3871,1241
3872,1237
3873,1210
3874,1237
3877,1201
3878,1253
3879,1234
3882,1247
3883,1227
3884,1292
3885,1227
3888,1230
3889,1293
3890,1230
3891,1229
3892,1206
3893,1229
3896,1201
3897,1203
3898,1248
3899,1231
3900,1203
3901,1251
3902,1203
3903,1247
3906,1249
3909,1244
3910,1236
3911,1207
3912,1236
3913,1295
3914,1236
3915,1210
3916,1236
3917,1295
3918,1236
3919,1234
3920,1203
3923,1251
3924,1302
3925,1251
3926,1238
3927,1296
3928,1238
3929,1205
3930,1238
3933,1243
3934,1238
3935,1296
3936,1238
3937,1237
3938,1209
3939,1237
3940,1296
3941,1237
3942,1237
3943,1206
3944,1237
3947,1248
3948,1205
3949,1248
3950,1222
3951,1203
3952,1246
3953,1203
3954,1225
3957,1221
3958,1238
3959,1205
3960,1238
3961,1296
3962,1238
3963,1206
3964,1238
3967,1229
3968,1233
3969,1207
3970,1233
3973,1232
3974,1206
3975,1232
3976,1224
3977,1291
3978,1224
3981,1229
3982,1205
3983,1229
3984,1230
3985,1293
3986,1230
3987,1230
3988,1207
3989,1230
3990,1293
3991,1230
3994,1241
3995,1234
3996,1295
3997,1234
3998,1205
3999,1234
4000,1295
4001,1234
4002,1209
4003,1234
4004,1208
4005,1234
4008,1201
4011,1251
4014,1228
4015,1255
4016,1303
4017,1255
4018,1252
4019,1210
4020,1252
4021,1303
4022,1252
4025,1253
4028,1258
4031,1221
4034,1234
4035,1227
4036,1292
4037,1227
4038,1207
4039,1227
4040,1208
4041,1227
4042,1292
4043,1227
4044,1205
4045,1227
4048,1232
4049,1235
4050,1207
4051,1235
4052,1295
4053,1235
4056,1230
4057,1240
4058,1297
4059,1240
4060,1239
4063,1259
4066,1257
4069,1236
4072,1203
4073,1258
4074,1242
4075,1207
4076,1242
4077,1298
4078,1242
4079,1209
4080,1242
4083,1250
4084,1244
4085,1244
4086,1300
4087,1244
4088,1210
4089,1244
4090,1300
4091,1244
4092,1206
4093,1244
4096,1259
4097,1243
4100,1250
4101,1302
4102,1250
4103,1231
4106,1242
4109,1237
4112,1221
4113,1241
4116,1221
4117,1242
4118,1298
4119,1242
4120,1205
4121,1242
4122,1298
4123,1242
4124,1242
4127,1249
4128,1239
4129,1239
4130,1203
4131,1256
4132,1203
4133,1249
4134,1203
4135,1247
4138,1249
4139,1302
4140,1249
4143,1237
4144,1232
4145,1294
4146,1232
4147,1231
4148,1203
4149,1223
4150,1203
4151,1252
4152,1303
4153,1252
4156,1227
4159,1253
4162,1201
4163,1286
4164,1246
4165,1234
4166,1295
4167,1234
4170,1241
4171,1230
4174,1255
4175,1239
4176,1210
4177,1239
4178,1297
4179,1239
4180,1209
4181,1239
4182,1297
4183,1239
4184,1205
4185,1239
4188,1203
4189,1205
4190,1203
4191,1255
4192,1240
4193,1297
4194,1240
4197,1240
4198,1297
4199,1240
4200,1221
4201,1203
4202,1225
4205,1237
4206,1231
4207,1205
4208,1231
4209,1294
4210,1231
4211,1206
4212,1231
4215,1237
4216,1242
4217,1209
4218,1242
4219,1298
4220,1242
4221,1205
4222,1242
4225,1234
4226,1243
4227,1299
4228,1243
4231,1254
4232,1221
4233,1289
4234,1221
4235,1208
4236,1221
4237,1289
4238,1221
4239,1205
4240,1221
4241,1206
4242,1221
4245,1258
4246,1239
4247,1297
4248,1239
4249,1210
4250,1239
4251,1210
4252,1239
4255,1222
4258,1243
4259,1231
4260,1294
4261,1231
4264,1240
4265,1245
4266,1206
4267,1245
4268,1207
4269,1245
4270,1301
4271,1245
4274,1238
4275,1208
4276,1238
4277,1240
4278,1297
4279,1240
4280,1241
4281,1205
4282,1241
4283,1297
4284,1241
4285,1239
4288,1247
4291,1250
4294,1220
4295,1288
4296,1220
4297,1241
4298,1239
4299,1203
4300,1251
4301,1206
4302,1251
4305,1226
4306,1232
4307,1294
4308,1232
4309,1205
4310,1232
4313,1229
4314,1292
4315,1229
4316,1234
4317,1203
4318,1249
4319,1208
4320,1249
4323,1256
4324,1209
4325,1256
4326,1229
4329,1226
4332,1235
4333,1207
4334,1235
4335,1245
4338,1253
4341,1236
4342,1241
4343,1297
4344,1241
4345,1205
4346,1241
4347,1297
4348,1241
4349,1206
4350,1241
4351,1297
4352,1241
4355,1244
4356,1236
4357,1295
4358,1236
4359,1210
4360,1236
4361,1295
4362,1236
4363,1205
4364,1236
4365,1295
4366,1236
4369,1203
4370,1287
4371,1203
4372,1252
4373,1303
4374,1252
4377,1230
4378,1231
4381,1234
4382,1295
4383,1234
4384,1232
4385,1231
4386,1294
4387,1231
4388,1231
4391,1255
4392,1230
4393,1209
4394,1230
4395,1205
4396,1230
4397,1293
4398,1230
4401,1230
4404,1232
4405,1205
4406,1232
4407,1239
4408,1297
4409,1239
4410,1240
4411,1297
4412,1240
4413,1239
4414,1297
4415,1239
4418,1227
4419,1292
4420,1227
4423,1239
4424,1297
4425,1239
4426,1243
4429,1231
4430,1294
4431,1231
4432,1229
4433,1203
4434,1251
4437,1221
4438,1289
4439,1221
4440,1228
4441,1203
4442,1223
4445,1231
4446,1238
4447,1296
4448,1238
4449,1238
4450,1206
4451,1238
4452,1296
4453,1238
4454,1237
4455,1296
4456,1237
4459,1236
4460,1241
4461,1203
4462,1246
4463,1302
4464,1246
4465,1203
4466,1222
4469,1230
4470,1230
4471,1238
4472,1203
4473,1253
4474,1203
4477,1255
4480,1224
4481,1291
4482,1224
4483,1237
4484,1203
4485,1251
4488,1232
4489,1240
4490,1297
4491,1240
4492,1205
4493,1240
4494,1297
4495,1240
4496,1205
4497,1240
4498,1297
4499,1240
4502,1231
4503,1244
4504,1244
4505,1300
4506,1244
4507,1206
4508,1244
4509,1300
4510,1244
4511,1205
4512,1244
4513,1300
4514,1244
4517,1255
4518,1234
4519,1205
4520,1234
4521,1295
4522,1234
4523,1206
4524,1234
4527,1255
4528,1221
4529,1289
4530,1221
4531,1205
4532,1221
4533,1289
4534,1221
4537,1259
4538,1228
4539,1292
4540,1228
4541,1205
4542,1228
4543,1292
4544,1228
4545,1227
4546,1203
4547,1253
4550,1220
4551,1244
4554,1254
4555,1231
4556,1294
4557,1231
4560,1243
4561,1220
4562,1288
4563,1220
4564,1208
4565,1220
4566,1288
4567,1220
4568,1205
4569,1220
4570,1220
4573,1249
4574,1235
4575,1295
4576,1235
4577,1206
4578,1235
4579,1295
4580,1235
4581,1207
4582,1235
4583,1208
4584,1235
4587,1248
4590,1259
4591,1304
4592,1259
4595,1241
4596,1247
4597,1249
4598,1302
4599,1249
4600,1207
4601,1249
4602,1302
4603,1249
4604,1209
4605,1249
4606,1302
4607,1249
4610,1251
4611,1227
4612,1292
4613,1227
4614,1205
4615,1227
4616,1205
4617,1227
4618,1292
4619,1227
4620,1205
4621,1227
4624,1237
4625,1242
4626,1205
4627,1242
4628,1298
4629,1242
4630,1205
4631,1242
4632,1298
4633,1242
4634,1208
4635,1242
4638,1229
4639,1233
4640,1295
4641,1233
4642,1205
4643,1233
4644,1295
4645,1233
4646,1208
4647,1233
4648,1295
4649,1233
4652,1251
4653,1242
4654,1298
4655,1242
4656,1205
4657,1242
4658,1298
4659,1242
4662,1222
4665,1235
4668,1248
4669,1302
4670,1248
4671,1228
4672,1229
4673,1292
4674,1229
4677,1227
4678,1231
4681,1230
4682,1205
4683,1230
4684,1237
4685,1296
4686,1237
4689,1245
4690,1241
4691,1297
4692,1241
4695,1224
4696,1291
4697,1224
4700,1249
4701,1247
4702,1207
4703,1247
4704,1238
4705,1296
4706,1238
4709,1259
4710,1205
4711,1259
4712,1237
4713,1296
4714,1237
4715,1238
4716,1206
4717,1238
4718,1296
4719,1238
4720,1238
4723,1233
4724,1229
4727,1222
4730,1254
4731,1303
4732,1254
4733,1231
4734,1232
4735,1294
4736,1232
4737,1231
4738,1294
4739,1231
4740,1205
4741,1231
4744,1222
4745,1239
4748,1226
4749,1236
4750,1295
4751,1236
4754,1246
4755,1227
4756,1292
4757,1227
4758,1205
4759,1227
4760,1292
4761,1227
4764,1237
4765,1239
4766,1206
4767,1239
4770,1222
4771,1247
4772,1203
4773,1250
4774,1302
4775,1250
4778,1235
4779,1238
4780,1296
4781,1238
4782,1205
4783,1238
4784,1296
4785,1238
4786,1205
4787,1238
4790,1221
4791,1256
4792,1205
4793,1256
4794,1303
4795,1256
4796,1207
4797,1256
4798,1303
4799,1256
4800,1210
4801,1256
4804,1235
4805,1295
4806,1235
4807,1239
4808,1297
4809,1239
4810,1241
4813,1220
4814,1210
4815,1220
4816,1244
4817,1300
4818,1244
4819,1207
4820,1244
4821,1300
4822,1244
4823,1207
4824,1244
4825,1300
4826,1244
4829,1234
4832,1250
4833,1208
4834,1250
4835,1231
4836,1294
4837,1231
4838,1210
4839,1231
4840,1294
4841,1231
4844,1256
4845,1241
4846,1210
4847,1241
4850,1224
4851,1291
4852,1224
4855,1241
4856,1235
4857,1295
4858,1235
4859,1206
4860,1235
4861,1207
4862,1235
4863,1295
4864,1235
4865,1205
4866,1235
4869,1254
4870,1221
4871,1203
4872,1256
4873,1303
4874,1256
4875,1253
4878,1244
4879,1239
4880,1297
4881,1239
4882,1205
4883,1239
4886,1233
4887,1205
4888,1233
4889,1231
4890,1203
4891,1249
4892,1302
4893,1249
4894,1247
4897,1241
4898,1297
4899,1241
4900,1221
4901,1221
4902,1289
4903,1221
4904,1221
4905,1289
4906,1221
4909,1236
4910,1295
4911,1236
4912,1241
4913,1203
4914,1251
4915,1203
4916,1256
4917,1205
4918,1256
4921,1242
4922,1210
4923,1242
4924,1239
4925,1203
4926,1223
4927,1290
4928,1223
4929,1223
4932,1234
4933,1207
4934,1234
4935,1220
4936,1288
4937,1220
4938,1207
4939,1220
4940,1205
4941,1220
4942,1288
4943,1220
4946,1244
4947,1208
4948,1244
4949,1236
4950,1295
4951,1236
4954,1221
4955,1245
4956,1205
4957,1245
4958,1205
4959,1245
4960,1205
4961,1245
4962,1301
4963,1245
4964,1208
4965,1245
4968,1227
4969,1241
4970,1297
4971,1241
4972,1209
4973,1241
4974,1208
4975,1241
4976,1297
4977,1241
4980,1250
4981,1227
4982,1292
4983,1227
4984,1205
4985,1227
4988,1223
4989,1230
4990,1209
4991,1230
4992,1293
4993,1230
4994,1230
4997,1255
4998,1303
4999,1255
5000,1241
5001,1297
5002,1241
5003,1240
5004,1205
5005,1240
5006,1297
5007,1240
5010,1228
5011,1248
5012,1302
5013,1248
5014,1206
5015,1248
5016,1302
5017,1248
5018,1210
5019,1248
5022,1223
5023,1234
5026,1241
5027,1205
5028,1241
5029,1234
5030,1295
5031,1234
5032,1235
5033,1208
5034,1235
5037,1237
5038,1233
5039,1233
5042,1242
5043,1244
5044,1208
5045,1244
5048,1259
5049,1244
5050,1300
5051,1244
5052,1205
5053,1244
5054,1300
5055,1244
5056,1208
5057,1244
5058,1300
5059,1244
5062,1221
5063,1205
5064,1221
5065,1241
5066,1297
5067,1241
5068,1241
5071,1258
5072,1257
5073,1238
5074,1296
5075,1238
5076,1205
5077,1238
5078,1205
5079,1238
5080,1296
5081,1238
5082,1210
5083,1238
5086,1255
5087,1233
5088,1208
5089,1233
5090,1295
5091,1233
5094,1248
5095,1257
5096,1304
5097,1257
5098,1209
5099,1257
5100,1304
5101,1257
5104,1242
5105,1237
5106,1208
5107,1237
5108,1205
5109,1237
5110,1296
5111,1237
5112,1237
5113,1208
5114,1237
5115,1296
5116,1237
5119,1254
5120,1245
5121,1301
5122,1245
5125,1252
5126,1242
5127,1203
5128,1226
5131,1259
5132,1206
5133,1259
5134,1233
5137,1227
5138,1232
5139,1294
5140,1232
5141,1231
5144,1201
5145,1206
5146,1225
5147,1228
5148,1292
5149,1228
5150,1205
5151,1228
5152,1292
5153,1228
5156,1247
5157,1302
5158,1247
5159,1238
5160,1203
5161,1256
5162,1206
5163,1256
5164,1205
5165,1256
5166,1303
5167,1256
5170,1241
5171,1241
5172,1206
5173,1241
5174,1242
5177,1231
5178,1237
5179,1209
5180,1237
5181,1296
5182,1237
5183,1238
5186,1256
5187,1207
5188,1256
5189,1233
5190,1203
5191,1220
5194,1245
5195,1235
5196,1206
5197,1235
5200,1226
5201,1206
5202,1226
5203,1234
5204,1295
5205,1234
5206,1236
5209,1201
5210,1249
5211,1229
5212,1208
5213,1229
5214,1292
5215,1229
5216,1207
5217,1229
5218,1292
5219,1229
5220,1205
5221,1229
5224,1201
5225,1255
5226,1244
5227,1300
5228,1244
5229,1210
5230,1244
5233,1233
5234,1230
5235,1203
5236,1224
5237,1291
5238,1224
5239,1206
5240,1224
5241,1291
5242,1224
5243,1205
5244,1224
5245,1291
5246,1224
5249,1201
5250,1248
5251,1230
5252,1207
5253,1230
5256,1201
5257,1256
5258,1241
5259,1209
5260,1241
5261,1206
5262,1241
5263,1205
5264,1241
5267,1201
5268,1256
5269,1236
5270,1208
5271,1236
5272,1295
5273,1236
5274,1205
5275,1236
5276,1295
5277,1236
5278,1206
5279,1236
5282,1227
5283,1227
5284,1292
5285,1227
5288,1234
5289,1235
5290,1207
5291,1235
5292,1295
5293,1235
5296,1201
5297,1249
5298,1233
5299,1208
5300,1233
5301,1205
5302,1233
5303,1206
5304,1233
5305,1295
5306,1233
5307,1206
5308,1233
5311,1201
5312,1258
5313,1235
5314,1207
5315,1235
5316,1295
5317,1235
5318,1209
5319,1235
5320,1295
5321,1235
5322,1209
5323,1235
5326,1201
5327,1222
5328,1231
5329,1294
5330,1231
5331,1205
5332,1231
5333,1209
5334,1231
5335,1294
5336,1231
5337,1205
5338,1231
5341,1246
5342,1232
5343,1208
5344,1232
5345,1294
5346,1232
5347,1206
5348,1232
5351,1238
5352,1234
5353,1203
5354,1220
5355,1288
5356,1220
5357,1205
5358,1220
5359,1205
5360,1220
5361,1288
5362,1220
5365,1240
5366,1205
5367,1240
5368,1297
5369,1240
5370,1210
5371,1240
5372,1241
5373,1207
5374,1241
5375,1297
5376,1241
5379,1235
5380,1233
5381,1295
5382,1233
5383,1206
5384,1233
5385,1295
5386,1233
5387,1207
5388,1233
5389,1295
5390,1233
5393,1243
5394,1243
5395,1208
5396,1243
5397,1299
5398,1243
5401,1243
5402,1205
5403,1243
5406,1237
5407,1241
5410,1259
5411,1234
5414,1220
5415,1229
5416,1292
5417,1229
5420,1241
5421,1234
5422,1295
5423,1234
5424,1205
5425,1234
5426,1205
5427,1234
5430,1231
5431,1205
5432,1231
5433,1294
5434,1231
5435,1210
5436,1231
5437,1294
5438,1231
5439,1208
5440,1231
5443,1241
5444,1208
5445,1241
5446,1297
5447,1241
5448,1205
5449,1241
5452,1240
5453,1232
5454,1206
5455,1232
5456,1208
5457,1232
5458,1208
5459,1232
5462,1245
5463,1245
5464,1301
5465,1245
5466,1210
5467,1245
5468,1208
5469,1245
5470,1301
5471,1245
5474,1226
5475,1242
5476,1203
5477,1250
5478,1302
5479,1250
5480,1207
5481,1250
5482,1302
5483,1250
5486,1227
5487,1239
5488,1297
5489,1239
5490,1205
5491,1239
5494,1254
5495,1237
5496,1203
5497,1250
5498,1302
5499,1250
5500,1209
5501,1250
5502,1302
5503,1250
5504,1205
5505,1250
5506,1302
5507,1250
5510,1228
5511,1238
5514,1252
5515,1229
5516,1208
5517,1229
5518,1292
5519,1229
5522,1243
5523,1210
5524,1243
5525,1299
5526,1243
5529,1220
5530,1210
5531,1220
5532,1288
5533,1220
5534,1205
5535,1220
5536,1288
5537,1220
5538,1205
5539,1220
5542,1241
5543,1203
5544,1253
5545,1303
5546,1253
5549,1201
5550,1249
5551,1227
5552,1203
5553,1246
5554,1302
5555,1246
5556,1205
5557,1246
5560,1201
5561,1259
5562,1233
5565,1227
5566,1203
5567,1249
5568,1209
5569,1249
5570,1205
5571,1249
5572,1205
5573,1249
5574,1208
5575,1249
5578,1201
5579,1224
5580,1239
5581,1207
5582,1239
5585,1201
5586,1251
5587,1232
5588,1294
5589,1232
5590,1206
5591,1232
5592,1205
5593,1232
5594,1207
5595,1232
5598,1201
5599,1253
5600,1233
5601,1295
5602,1233
5605,1256
5606,1244
5607,1210
5608,1244
5609,1207
5610,1244
5611,1300
5612,1244
5615,1236
5616,1295
5617,1236
5620,1249
5621,1243
5624,1220
5625,1250
5626,1210
5627,1250
5630,1223
5631,1244
5632,1209
5633,1244
5634,1208
5635,1244
5638,1244
5639,1300
5640,1244
5641,1208
5642,1244
5645,1244
5646,1205
5647,1244
5648,1300
5649,1244
5652,1233
5653,1203
5654,1258
5655,1203
5656,1223
5657,1203
5658,1224
5659,1208
5660,1224
5661,1291
5662,1224
5665,1201
5666,1249
5667,1240
5668,1297
5669,1240
5670,1206
5671,1240
5672,1297
5673,1240
5674,1205
5675,1240
5678,1225
5679,1233
5682,1201
5683,1252
5684,1235
5687,1230
5690,1250
5691,1241
5692,1297
5693,1241
5696,1201
5697,1252
5698,1235
5701,1201
5702,1254
5703,1233
5704,1295
5705,1233
5708,1201
5709,1256
5710,1243
5713,1252
5714,1228
5715,1292
5716,1228
5717,1229
5718,1292
5719,1229
5722,1201
5723,1256
5724,1227
5725,1203
5726,1256
5727,1303
5728,1256
5729,1205
5730,1256
5731,1303
5732,1256
5735,1201
5736,1252
5737,1229
5738,1292
5739,1229
5740,1228
5741,1292
5742,1228
5743,1229
5746,1201
5747,1224
5748,1235
5751,1201
5752,1247
5753,1228
5754,1292
5755,1228
5758,1201
5759,1247
5760,1230
5763,1201
5764,1254
5765,1227
5766,1203
5767,1247
5768,1203
5769,1259
5770,1304
5771,1259
5772,1258
5773,1304
5774,1258
5777,1201
5778,1224
5779,1229
5780,1292
5781,1229
5782,1210
5783,1229
5786,1201
5787,1259
5788,1237
5789,1203
5790,1247
5793,1201
5794,1253
5795,1227
5796,1292
5797,1227
5798,1203
5799,1226
5802,1248
5803,1234
5804,1203
5805,1222
5808,1240
5809,1203
5810,1254
5811,1303
5812,1254
5813,1207
5814,1254
5817,1258
5818,1234
5819,1208
5820,1234
5823,1201
5824,1259
5825,1245
5826,1301
5827,1245
5828,1207
5829,1245
5832,1201
5833,1247
5834,1231
5837,1201
5838,1222
5839,1238
5840,1296
5841,1238
5842,1206
5843,1238
5844,1296
5845,1238
5848,1201
5849,1224
5850,1230
5851,1293
5852,1230
5855,1201
5856,1256
5857,1231
5858,1294
5859,1231
5860,1205
5861,1231
5862,1294
5863,1231
5864,1207
5865,1231
5868,1225
5869,1241
5870,1297
5871,1241
5872,1209
5873,1241
5874,1205
5875,1241
5876,1297
5877,1241
5880,1237
5881,1207
5882,1237
5883,1296
5884,1237
5885,1205
5886,1237
5887,1296
5888,1237
5889,1238
5892,1231
5893,1208
5894,1231
5895,1294
5896,1231
5897,1294
5898,1231
5899,1205
5900,1231
5903,1221
5904,1206
5905,1221
5908,1247
5909,1227
5910,1292
5911,1227
5914,1232
5915,1206
5916,1232
5919,1255
5920,1220
5923,1220
5924,1238
5927,1234
5928,1206
5929,1234
5930,1295
5931,1234
5932,1205
5933,1234
5934,1295
5935,1234
5938,1221
5939,1210
5940,1221
5941,1289
5942,1221
5943,1289
5944,1221
5945,1210
5946,1221
5949,1201
5950,1250
5951,1239
5952,1205
5953,1239
5956,1201
5957,1223
5958,1240
5961,1235
5962,1206
5963,1235
5964,1295
5965,1235
5968,1201
5969,1246
5970,1240
5971,1203
5972,1255
5973,1203
5974,1256
5975,1303
5976,1256
5979,1220
5980,1242
5981,1209
5982,1242
5985,1201
5986,1256
5987,1231
5988,1203
5989,1257
5990,1304
5991,1257
5992,1210
5993,1257
5996,1222
5997,1239
5998,1297
5999,1239
6000,1239
6001,1297
6002,1239
6003,1205
6004,1239
6007,1231
6008,1207
6009,1231
6010,1294
6011,1231
6014,1250
6015,1207
6016,1250
6017,1302
6018,1250
6019,1250
6020,1203
6021,1249
6022,1302
6023,1249
6026,1253
6027,1229
6028,1203
6029,1252
6032,1248
6033,1228
6034,1203
6035,1257
6036,1304
6037,1257
6040,1251
6041,1233
6042,1207
6043,1233
6044,1295
6045,1233
6046,1236
6047,1203
6048,1246
6051,1220
6052,1207
6053,1220
6056,1240
6057,1208
6058,1240
6059,1297
6060,1240
6061,1297
6062,1240
6063,1208
6064,1240
6067,1245
6068,1206
6069,1245
6072,1247
6073,1232
6074,1294
6075,1232
6076,1203
6079,1253
6080,1241
6083,1239
6084,1203
6085,1258
6086,1205
6087,1258
6088,1304
6089,1258
6090,1258
6091,1304
6092,1258
6095,1201
6096,1226
6097,1241
6098,1203
6099,1222
6100,1290
6101,1222
6102,1208
6103,1222
6104,1290
6105,1222
6106,1223
6109,1201
6110,1249
6111,1234
6114,1238
6115,1207
6116,1238
6117,1296
6118,1238
6119,1237
6120,1208
6121,1237
6124,1201
6125,1258
6126,1245
6127,1301
6128,1245
6129,1208
6130,1245
6133,1201
6134,1253
6135,1242
6136,1298
6137,1242
6138,1298
6139,1242
6140,1207
6141,1242
6144,1201
6145,1250
6146,1230
6147,1208
6148,1230
6149,1293
6150,1230
6151,1230
6152,1208
6153,1230
6156,1201
6157,1256
6158,1240
6161,1201
6162,1248
6163,1220
6166,1201
6167,1255
6168,1232
6171,1254
6172,1238
6173,1296
6174,1238
6177,1252
6178,1239
6179,1203
6180,1247
6181,1302
6182,1247
6183,1207
6184,1247
6185,1302
6186,1247
6189,1201
6190,1223
6191,1229
6192,1203
6193,1251
6194,1208
6195,1251
6196,1302
6197,1251
6198,1249
6199,1302
6200,1249
6203,1201
6204,1256
6205,1236
6206,1295
6207,1236
6210,1226
6211,1229
6212,1205
6213,1229
6214,1292
6215,1229
6218,1239
6219,1208
6220,1239
6221,1297
6222,1239
6225,1221
6226,1210
6227,1221
6228,1289
6229,1221
6230,1221
6231,1208
6232,1221
6235,1258
6236,1229
6237,1203
6238,1223
6239,1205
6240,1223
6241,1290
6242,1223
6243,1223
6244,1203
6245,1223
6248,1254
6249,1231
6250,1203
6251,1247
6252,1203
6253,1222
6254,1203
6255,1255
6256,1303
6257,1255
6258,1255
6261,1258
6262,1224
6263,1291
6264,1224
6267,1245
6268,1208
6269,1245
6272,1201
6273,1255
6274,1231
6275,1203
6278,1201
6279,1258
6280,1227
6281,1292
6282,1227
6285,1224
6286,1206
6287,1224
6288,1291
6289,1224
6292,1201
6293,1259
6294,1235
6295,1295
6296,1235
6297,1205
6298,1235
6301,1201
6302,1247
6303,1234
6306,1237
6307,1296
6308,1237
6311,1201
6312,1253
6313,1220
6314,1203
6315,1226
6316,1203
6319,1201
6320,1225
6321,1235
6322,1205
6323,1235
6324,1209
6325,1235
6326,1295
6327,1235
6328,1235
6331,1201
6332,1249
6333,1243
6334,1299
6335,1243
6336,1210
6337,1243
6340,1254
6341,1231
6342,1294
6343,1231
6344,1205
6345,1231
6346,1294
6347,1231
6348,1205
6349,1231
6352,1245
6353,1301
6354,1245
6355,1209
6356,1245
6357,1301
6358,1245
6359,1206
6360,1245
6363,1257
6364,1304
6365,1257
6366,1257
6367,1304
6368,1257
6369,1258
6372,1251
6373,1236
6374,1295
6375,1236
6376,1210
6377,1236
6378,1295
6379,1236
6380,1206
6381,1236
6384,1244
6385,1300
6386,1244
6387,1244
6388,1208
6389,1244
6392,1222
6393,1233
6394,1295
6395,1233
6398,1250
6399,1244
6400,1300
6401,1244
6402,1244
6403,1300
6404,1244
6407,1253
6408,1227
6409,1292
6410,1227
6411,1206
6412,1227
6413,1292
6414,1227
6415,1207
6416,1227
6419,1254
6420,1241
6423,1258
6424,1227
6425,1203
6426,1248
6427,1203
6428,1247
6429,1302
6430,1247
6431,1208
6432,1247
6435,1243
6436,1205
6437,1243
6438,1299
6439,1243
6442,1226
6443,1234
6444,1203
6445,1247
6446,1302
6447,1247
6450,1227
6451,1205
6452,1227
6453,1292
6454,1227
6455,1229
6458,1221
6459,1205
6460,1221
6461,1289
6462,1221
6463,1221
6464,1289
6465,1221
6468,1222
6469,1238
6472,1233
6473,1295
6474,1233
6475,1209
6476,1233
6477,1295
6478,1233
6479,1207
6480,1233
6483,1201
6484,1246
6485,1232
6486,1209
6487,1232
6488,1209
6489,1232
6490,1294
6491,1232
6494,1201
6495,1249
6496,1236
6497,1295
6498,1236
6499,1234
6500,1205
6501,1234
6502,1295
6503,1234
6506,1241
6507,1203
6508,1250
6509,1203
6510,1256
6511,1203
6514,1201
6515,1223
6516,1227
6517,1203
6518,1247
6519,1203
6520,1247
6521,1203
6522,1222
6525,1201
6526,1255
6527,1241
6528,1297
6529,1241
6532,1201
6533,1255
6534,1221
6535,1203
6536,1252
6537,1303
6538,1252
6539,1207
6540,1252
6543,1226
6544,1233
6545,1209
6546,1233
6547,1206
6548,1233
6549,1295
6550,1233
6551,1205
6552,1233
6555,1201
6556,1253
6557,1223
6558,1290
6559,1223
6560,1206
6561,1223
6562,1290
6563,1223
6566,1201
6567,1243
6568,1229
6569,1203
6570,1253
6571,1203
6572,1254
6573,1303
6574,1254
6575,1205
6576,1254
6579,1201
6580,1251
6581,1239
6582,1203
6583,1222
6584,1290
6585,1222
6586,1205
6587,1222
6590,1225
6591,1228
6592,1292
6593,1228
6594,1292
6595,1228
6598,1235
6599,1295
6600,1235
6601,1206
6602,1235
6605,1235
6606,1295
6607,1235
6608,1206
6609,1235
6610,1295
6611,1235
6612,1234
6615,1226
6616,1237
6617,1203
6618,1223
6619,1203
6620,1254
6621,1303
6622,1254
6623,1255
6626,1256
6627,1240
6630,1229
6631,1292
6632,1229
6633,1208
6634,1229
6635,1292
6636,1229
6637,1228
6640,1258
6641,1242
6644,1222
6645,1239
6646,1203
6647,1222
6650,1246
6651,1232
6654,1237
6655,1206
6656,1237
6659,1201
6660,1259
6661,1231
6662,1294
6663,1231
6664,1208
6665,1231
6666,1294
6667,1231
6670,1201
6671,1222
6672,1238
6673,1296
6674,1238
6675,1207
6676,1238
6677,1237
6678,1203
6681,1201
6682,1222
6683,1236
6684,1203
6685,1259
6688,1201
6689,1258
6690,1236
6691,1295
6692,1236
6693,1207
6694,1236
6695,1295
6696,1236
6699,1246
6700,1243
6701,1299
6702,1243
6705,1201
6706,1226
6707,1237
6708,1296
6709,1237
6710,1208
6711,1237
6714,1201
6715,1253
6716,1237
6717,1203
6718,1246
6719,1302
6720,1246
6721,1206
6722,1246
6725,1226
6726,1237
6727,1203
6728,1234
6729,1203
6730,1249
6733,1241
6734,1203
6735,1246
6736,1203
6737,1225
6738,1291
6739,1225
6740,1225
6741,1203
6742,1254
6745,1227
6746,1207
6747,1227
6748,1292
6749,1227
6752,1249
6753,1238
6754,1203
6755,1226
6756,1291
6757,1226
6758,1207
6759,1226
6760,1291
6761,1226
6764,1251
6765,1231
6766,1294
6767,1231
6768,1205
6769,1231
6770,1294
6771,1231
6774,1224
6775,1235
6776,1295
6777,1235
6778,1295
6779,1235
6782,1224
6783,1237
6784,1203
6785,1233
6786,1295
6787,1233
6790,1234
6791,1203
6792,1256
6793,1303
6794,1256
6795,1254
6796,1303
6797,1254
6800,1248
6801,1253
6802,1303
6803,1253
6804,1207
6805,1253
6808,1220
6809,1288
6810,1220
6811,1207
6812,1220
6813,1288
6814,1220
6815,1205
6816,1220
6819,1229
6820,1208
6821,1229
6822,1206
6823,1229
6824,1292
6825,1229
6826,1229
6829,1235
6830,1203
6831,1255
6832,1303
6833,1255
6834,1208
6835,1255
6836,1209
6837,1255
6840,1223
6841,1228
6842,1208
6843,1228
6844,1206
6845,1228
6846,1292
6847,1228
6850,1242
6851,1298
6852,1242
6853,1210
6854,1242
6857,1223
6858,1228
6859,1205
6860,1228
6863,1239
6864,1207
6865,1239
6866,1206
6867,1239
6870,1201
6871,1251
6872,1240
6873,1205
6874,1240
6877,1227
6878,1205
6879,1227
6882,1201
6883,1223
6884,1238
6885,1296
6886,1238
6889,1201
6890,1246
6891,1242
6892,1298
6893,1242
6894,1205
6895,1242
6896,1207
6897,1242
6900,1201
6901,1259
6902,1239
6903,1297
6904,1239
6905,1208
6906,1239
6907,1205
6908,1239
6911,1201
6912,1257
6913,1221
6914,1203
6915,1256
6916,1303
6917,1256
6920,1201
6921,1231
6922,1228
6925,1201
6926,1250
6927,1239
6930,1251
6931,1205
6932,1251
6935,1246
6936,1205
6937,1246
6938,1251
6941,1247
6942,1230
6943,1203
6944,1251
6945,1203
6946,1258
6947,1206
6948,1258
6949,1304
6950,1258
6953,1239
6954,1203
6955,1252
6956,1203
6957,1249
6960,1253
6961,1207
6962,1253
6965,1234
6966,1295
6967,1234
6968,1208
6969,1234
6970,1295
6971,1234
6974,1225
6975,1242
6976,1298
6977,1242
6978,1242
6979,1298
6980,1242
6983,1201
6984,1253
6985,1228
6988,1201
6989,1224
6990,1244
6991,1300
6992,1244
6993,1205
6994,1244
6995,1300
6996,1244
6999,1201
7000,1259
7001,1231
7002,1294
7003,1231
7004,1205
7005,1231
7008,1201
7009,1223
7010,1229
7011,1292
7012,1229
7013,1209
7014,1229
7015,1205
7016,1229
7019,1239
7020,1297
7021,1239
7022,1205
7023,1239
7026,1201
7027,1249
7028,1230
7029,1293
7030,1230
7031,1206
7032,1230
7033,1293
7034,1230
7037,1201
7038,1254
7039,1242
7040,1298
7041,1242
7042,1206
7043,1242
7044,1298
7045,1242
7048,1201
7049,1220
7050,1227
7051,1292
7052,1227
7053,1205
7054,1227
7057,1201
7058,1258
7059,1230
7060,1203
7061,1250
7064,1243
7065,1203
7066,1224
7067,1291
7068,1224
7069,1208
7070,1224
7071,1291
7072,1224
7075,1243
7076,1299
7077,1243
7080,1245
7081,1301
7082,1245
7083,1245
7084,1207
7085,1245
7088,1251
7089,1229
7090,1292
7091,1229
7094,1229
7095,1292
7096,1229
7097,1205
7098,1229
7099,1292
7100,1229
7103,1231
7104,1210
7105,1231
7106,1294
7107,1231
7110,1254
7111,1237
7112,1296
7113,1237
7114,1238
7115,1296
7116,1238
7119,1227
7120,1203
7121,1254
7122,1303
7123,1254
7124,1209
7125,1254
7128,1201
7129,1236
7130,1238
7131,1296
7132,1238
7135,1201
7136,1223
7137,1237
7138,1296
7139,1237
7140,1210
7141,1237
7144,1201
7145,1255
7146,1237
7147,1203
7148,1258
7149,1209
7150,1258
7151,1304
7152,1258
7155,1245
7158,1222
7159,1243
7160,1299
7161,1243
7162,1205
7163,1243
7164,1206
7165,1243
7168,1201
7169,1253
7170,1237
7171,1296
7172,1237
7173,1238
7174,1203
7177,1245
7178,1210
7179,1245
7180,1301
7181,1245
7182,1206
7183,1245
7186,1201
7187,1258
7188,1232
7189,1207
7190,1232
7191,1294
7192,1232
7195,1201
7196,1251
7197,1231
7198,1294
7199,1231
7200,1203
7201,1255
7202,1203
7203,1225
7206,1254
7207,1234
7208,1203
7209,1247
7210,1203
7211,1251
7212,1203
7213,1259
7214,1203
7215,1234
7216,1203
7217,1251
7218,1203
7219,1253
7222,1201
7223,1250
7224,1232
7225,1294
7226,1232
7227,1207
7228,1232
7231,1201
7232,1220
7233,1240
7234,1203
7235,1222
7236,1203
7237,1256
7238,1303
7239,1256
7242,1234
7243,1209
7244,1234
7247,1249
7248,1254
7249,1303
7250,1254
7253,1224
7254,1233
7257,1255
7258,1245
7259,1301
7260,1245
7261,1206
7262,1245
7265,1231
7266,1203
7267,1250
7268,1203
7269,1258
7270,1208
7271,1258
7272,1304
7273,1258
7276,1222
7277,1237
7278,1296
7279,1237
7282,1226
7283,1232
7286,1246
7287,1227
7288,1205
7289,1227
7292,1234
7293,1207
7294,1234
7297,1225
7298,1245
7299,1208
7300,1245
7303,1237
7304,1296
7305,1237
7308,1228
7309,1205
7310,1228
7313,1259
7314,1243
7315,1203
7316,1249
7317,1203
7318,1247
7319,1203
7320,1256
7321,1203
7322,1222
7323,1203
7324,1257
7325,1203
7328,1239
7329,1238
7330,1206
7331,1238
7332,1296
7333,1238
7336,1228
7337,1292
7338,1228
7341,1240
7342,1203
7343,1246
7344,1203
7345,1259
7346,1203
7347,1252
7348,1206
7349,1252
7350,1303
7351,1252
7354,1238
7355,1296
7356,1238
7359,1255
7360,1241
7361,1203
7362,1259
7363,1304
7364,1259
7365,1259
7366,1304
7367,1259
7370,1201
7371,1251
7372,1234
7373,1203
7374,1252
7375,1203
7376,1251
7377,1302
7378,1251
7381,1201
7382,1256
7383,1245
7384,1301
7385,1245
7386,1206
7387,1245
7390,1237
7391,1203
7392,1233
7395,1221
7398,1201
7399,1235
7400,1242
7403,1201
7404,1253
7405,1228
7408,1201
7409,1251
7410,1229
7411,1292
7412,1229
7413,1205
7414,1229
7417,1224
7418,1232
7419,1205
7420,1232
7421,1294
7422,1232
7425,1201
7426,1259
7427,1230
7428,1293
7429,1230
7430,1230
7431,1293
7432,1230
7435,1235
7438,1234
7439,1221
7442,1239
7443,1297
7444,1239
7445,1206
7446,1239
7447,1297
7448,1239
7451,1252
7452,1233
7453,1203
7454,1226
7455,1203
7456,1255
7457,1209
7458,1255
7459,1303
7460,1255
7463,1231
7464,1294
7465,1231
7466,1210
7467,1231
7468,1206
7469,1231
7472,1250
7473,1231
7474,1294
7475,1231
7478,1255
7479,1230
7480,1293
7481,1230
7484,1258
7485,1239
7486,1297
7487,1239
7488,1240
7489,1205
7490,1240
7493,1225
7494,1241
7495,1297
7496,1241
7497,1205
7498,1241
7499,1205
7500,1241
7503,1249
7504,1242
7505,1298
7506,1242
7507,1242
7510,1243
7511,1205
7512,1243
7515,1201
7516,1254
7517,1236
7518,1210
7519,1236
7520,1295
7521,1236
7524,1201
7525,1220
7526,1237
7527,1203
7528,1226
7529,1203
7532,1201
7533,1235
7534,1231
7537,1201
7538,1226
7539,1241
7540,1297
7541,1241
7542,1205
7543,1241
7546,1230
7547,1227
7548,1292
7549,1227
7550,1208
7551,1227
7554,1232
7555,1294
7556,1232
7559,1226
7560,1236
7563,1201
7564,1257
7565,1239
7566,1297
7567,1239
7568,1207
7569,1239
7572,1201
7573,1255
7574,1234
7575,1295
7576,1234
7577,1209
7578,1234
7581,1229
7582,1292
7583,1229
7584,1207
7585,1229
7586,1207
7587,1229
7590,1201
7591,1258
7592,1241
7593,1297
7594,1241
7595,1206
7596,1241
7599,1227
7600,1203
7601,1223
7602,1203
7603,1248
7606,1225
7607,1227
7608,1292
7609,1227
7610,1206
7611,1227
7614,1235
7615,1295
7616,1235
7619,1201
7620,1246
7621,1232
7622,1203
7623,1250
7624,1302
7625,1250
7628,1232
7629,1294
7630,1232
7631,1210
7632,1232
7633,1208
7634,1232
7637,1226
7638,1240
7639,1297
7640,1240
7641,1239
7642,1205
7643,1239
7646,1224
7647,1233
7648,1203
7649,1253
7650,1203
7651,1223
7652,1209
7653,1223
7654,1290
7655,1223
7658,1241
7659,1203
7660,1250
7661,1302
7662,1250
7665,1255
7666,1237
7667,1296
7668,1237
7669,1206
7670,1237
7673,1239
7674,1297
7675,1239
7676,1207
7677,1239
7678,1207
7679,1239
7682,1233
7683,1243
7684,1243
7685,1299
7686,1243
7687,1208
7688,1243
7691,1254
7692,1242
7693,1298
7694,1242
7697,1259
7698,1237
7699,1296
7700,1237
7703,1248
7704,1203
7705,1259
7706,1207
7707,1259
7708,1304
7709,1259
7712,1201
7713,1203
7714,1251
7715,1233
7718,1201
7719,1224
7720,1242
7721,1298
7722,1242
7725,1201
7726,1224
7727,1238
7728,1203
7729,1246
7730,1302
7731,1246
7734,1201
7735,1226
7736,1221
7737,1203
7738,1222
7741,1241
7742,1241
7743,1297
7744,1241
7745,1206
7746,1241
7749,1201
7750,1225
7751,1235
7752,1295
7753,1235
7754,1207
7755,1235
7758,1201
7759,1253
7760,1236
7763,1241
7764,1297
7765,1241
7766,1206
7767,1241
7770,1201
7771,1236
7772,1243
7773,1205
7774,1243
7777,1223
7778,1230
7779,1293
7780,1230
7783,1241
7784,1297
7785,1241
7786,1241
7789,1234
7790,1295
7791,1234
7792,1203
7793,1255
7796,1250
7797,1239
7798,1297
7799,1239
7800,1207
7801,1239
7804,1230
7805,1293
7806,1230
7807,1205
7808,1230
7811,1243
7812,1299
7813,1243
7816,1201
7817,1256
7818,1242
7819,1298
7820,1242
7823,1201
7824,1248
7825,1229
7826,1207
7827,1229
7830,1201
7831,1239
7832,1234
7833,1205
7834,1234
7835,1295
7836,1234
7839,1201
7840,1223
7841,1238
7842,1208
7843,1238
7846,1201
7847,1240
7848,1228
7849,1292
7850,1228
7851,1206
7852,1228
7855,1259
7856,1238
7857,1296
7858,1238
7859,1210
7860,1238
7863,1233
7864,1230
7865,1208
7866,1230
7867,1293
7868,1230
7871,1201
7872,1223
7873,1235
7874,1295
7875,1235
7876,1233
7877,1203
7880,1241
7881,1297
7882,1241
7885,1201
7886,1250
7887,1236
7888,1205
7889,1236
7890,1295
7891,1236
7894,1234
7895,1240
7896,1203
7897,1254
7898,1303
7899,1254
7902,1201
7903,1223
7904,1245
7905,1203
7906,1246
7907,1302
7908,1246
7911,1239
7912,1203
7913,1232
7914,1203
7917,1201
7918,1246
7919,1221
7920,1289
7921,1221
7924,1233
7925,1295
7926,1233
7927,1233
7930,1201
7931,1255
7932,1220
7933,1207
7934,1220
7935,1288
7936,1220
7939,1201
7940,1246
7941,1242
7942,1298
7943,1242
7944,1242
7947,1201
7948,1252
7949,1231
7950,1205
7951,1231
7952,1294
7953,1231
7956,1201
7957,1259
7958,1239
7959,1203
7960,1253
7961,1303
7962,1253
7965,1201
7966,1249
7967,1240
7968,1203
7969,1225
7970,1203
7971,1258
7974,1201
7975,1256
7976,1220
7977,1210
7978,1220
7979,1288
7980,1220
7983,1239
7984,1297
7985,1239
7986,1205
7987,1239
7990,1238
7991,1203
7992,1246
7995,1253
7996,1233
7997,1203
7998,1257
7999,1304
8000,1257
8003,1223
8004,1205
8005,1223
8006,1290
8007,1223
8010,1233
8011,1295
8012,1233
8013,1234
8016,1201
8017,1229
8018,1231
8019,1294
8020,1231
8021,1231
8024,1229
8025,1205
8026,1229
8029,1226
8030,1242
8031,1298
8032,1242
8035,1201
8036,1220
8037,1243
8038,1206
8039,1243
8042,1220
8043,1244
8046,1201
8047,1253
8048,1238
8049,1205
8050,1238
8051,1296
8052,1238
8055,1201
8056,1257
8057,1228
8058,1205
8059,1228
8060,1203
8061,1243
8064,1221
8065,1206
8066,1221
8067,1289
8068,1221
8071,1229
8072,1203
8073,1259
8074,1205
8075,1259
8076,1304
8077,1259
8080,1227
8081,1206
8082,1227
8085,1201
8086,1251
8087,1232
8088,1294
8089,1232
8092,1231
8093,1294
8094,1231
8095,1232
8098,1201
8099,1251
8100,1240
8101,1205
8102,1240
8103,1297
8104,1240
8107,1236
8108,1210
8109,1236
8110,1295
8111,1236
8114,1201
8115,1225
8116,1233
8117,1207
8118,1233
8119,1295
8120,1233
8123,1228
8124,1203
8125,1225
8126,1203
8127,1223
8128,1203
8129,1233
8132,1201
8133,1224
8134,1231
8135,1294
8136,1231
8137,1231
8140,1253
8141,1239
8142,1203
8143,1250
8144,1203
8145,1252
8146,1203
8147,1257
8150,1253
8151,1243
8152,1299
8153,1243
8154,1208
8155,1243
8158,1201
8159,1247
8160,1230
8163,1201
8164,1258
8165,1232
8166,1203
8167,1233
8168,1203
8169,1255
8172,1201
8173,1257
8174,1243
8175,1299
8176,1243
8179,1201
8180,1249
8181,1238
8184,1226
8185,1236
8188,1201
8189,1234
8190,1239
8191,1297
8192,1239
8195,1201
8196,1250
8197,1240
8198,1297
8199,1240
8202,1201
8203,1220
8204,1243
8205,1203
8206,1257
8209,1235
8210,1208
8211,1235
8212,1295
8213,1235
8216,1257
8217,1228
8218,1203
8219,1234
8222,1239
8223,1297
8224,1239
8227,1224
8228,1234
8229,1203
8230,1255
8231,1203
8232,1259
8235,1224
8236,1239
8237,1206
8238,1239
8239,1297
8240,1239
8243,1240
8244,1208
8245,1240
8248,1228
8249,1205
8250,1228
8253,1232
8254,1294
8255,1232
8256,1210
8257,1232
8260,1243
8261,1207
8262,1243
8265,1235
8266,1295
8267,1235
8268,1208
8269,1235
8272,1239
8273,1297
8274,1239
8275,1207
8276,1239
8279,1231
8280,1294
8281,1231
8282,1205
8283,1231
8286,1230
8287,1203
8288,1250
8291,1222
8292,1227
8293,1203
8294,1251
8295,1302
8296,1251
8299,1232
8300,1203
8301,1224
8302,1291
8303,1224
8306,1201
8307,1250
8308,1230
8309,1205
8310,1230
8313,1201
8314,1225
8315,1243
8316,1205
8317,1243
8320,1201
8321,1247
8322,1242
8323,1298
8324,1242
8327,1201
8328,1227
8329,1241
8330,1203
8331,1250
8334,1237
8335,1203
8336,1253
8337,1203
8338,1253
8341,1238
8342,1296
8343,1238
8346,1201
8347,1253
8348,1234
8349,1295
8350,1234
8353,1201
8354,1255
8355,1234
8356,1203
8357,1256
8360,1244
8361,1300
8362,1244
8363,1209
8364,1244
8367,1241
8368,1297
8369,1241
8370,1205
8371,1241
8374,1246
8375,1203
8376,1256
8379,1239
8382,1201
8383,1257
8384,1238
8387,1244
8388,1300
8389,1244
8392,1201
8393,1256
8394,1228
8395,1210
8396,1228
8399,1201
8400,1224
8401,1236
8402,1203
8403,1246
8406,1201
8407,1252
8408,1221
8409,1207
8410,1221
8413,1201
8414,1226
8415,1242
8418,1201
8419,1259
8420,1242
8421,1210
8422,1242
8425,1201
8426,1250
8427,1242
8428,1298
8429,1242
8432,1201
8433,1254
8434,1230
8435,1293
8436,1230
8439,1255
8440,1227
8441,1292
8442,1227
8445,1220
8446,1288
8447,1220
8450,1240
8451,1203
8452,1247
8455,1229
8456,1292
8457,1229
8460,1230
8461,1208
8462,1230
8465,1230
8466,1293
8467,1230
8470,1231
8471,1209
8472,1231
8475,1235
8476,1203
8477,1248
8478,1208
8479,1248
8482,1259
8483,1233
8486,1232
8489,1235
8490,1206
8491,1235
8492,1295
8493,1235
8496,1220
8497,1210
8498,1220
8499,1288
8500,1220
8503,1201
8504,1224
8505,1240
8506,1206
8507,1240
8510,1201
8511,1247
8512,1232
8513,1208
8514,1232
8517,1242
8518,1206
8519,1242
8522,1201
8523,1257
8524,1238
8525,1209
8526,1238
8529,1201
8530,1225
8531,1239
8532,1297
8533,1239
8536,1201
8537,1246
8538,1232
8539,1294
8540,1232
8543,1201
8544,1250
8545,1222
8546,1290
8547,1222
8550,1201
8551,1253
8552,1244
8555,1201
8556,1255
8557,1238
8558,1203
8559,1246
8562,1201
8563,1246
8564,1245
8567,1241
8568,1205
8569,1241
8572,1228
8573,1205
8574,1228
8577,1227
8578,1242
8579,1207
8580,1242
8583,1229
8584,1233
8587,1227
8588,1259
8589,1304
8590,1259
8593,1228
8594,1203
8595,1254
8596,1303
8597,1254
8600,1223
8601,1244
8602,1203
8603,1252
8606,1229
8607,1207
8608,1229
8611,1236
8612,1205
8613,1236
8616,1238
8617,1208
8618,1238
8621,1233
8622,1206
8623,1233
8626,1234
8627,1205
8628,1234
8631,1237
8632,1296
8633,1237
8636,1239
8637,1297
8638,1239
8641,1201
8642,1250
8643,1245
8644,1210
8645,1245
8648,1201
8649,1224
8650,1240
8653,1201
8654,1252
8655,1244
8656,1300
8657,1244
8660,1234
8661,1295
8662,1234
8665,1201
8666,1224
8667,1244
8668,1300
8669,1244
8672,1239
8673,1297
8674,1239
8677,1201
8678,1247
8679,1238
8680,1296
8681,1238
8684,1201
8685,1259
8686,1244
8687,1300
8688,1244
8691,1239
8692,1297
8693,1239
8696,1201
8697,1259
8698,1230
8699,1205
8700,1230
8703,1201
8704,1255
8705,1245
8706,1301
8707,1245
8710,1250
8711,1236
8712,1203
8713,1251
8716,1229
8717,1292
8718,1229
8721,1247
8722,1238
8723,1296
8724,1238
8727,1237
8730,1255
8731,1239
8732,1297
8733,1239
8736,1235
8737,1203
8738,1249
8739,1302
8740,1249
8743,1234
8744,1295
8745,1234
8748,1258
8749,1237
8750,1203
8751,1226
8752,1203
8755,1231
8756,1207
8757,1231
8760,1235
8761,1205
8762,1235
8765,1253
8766,1227
8767,1292
8768,1227
8771,1227
8772,1209
8773,1227
8776,1201
8777,1223
8778,1236
8781,1201
8782,1252
8783,1233
8784,1295
8785,1233
8788,1201
8789,1257
8790,1227
8793,1201
8794,1226
8795,1238
8798,1201
8799,1250
8800,1240
8801,1203
8802,1253
8805,1201
8806,1251
8807,1245
8808,1301
8809,1245
8812,1201
8813,1259
8814,1221
8817,1201
8818,1252
8819,1244
8822,1233
8823,1295
8824,1233
8827,1201
8828,1236
8829,1241
8830,1297
8831,1241
8834,1244
8835,1300
8836,1244
8839,1243
8840,1299
8841,1243
8844,1237
8845,1296
8846,1237
8849,1223
8850,1245
8851,1301
8852,1245
8855,1253
8856,1247
8857,1302
8858,1247
8861,1257
8862,1242
8863,1203
8864,1255
8867,1250
8868,1238
8869,1296
8870,1238
8873,1229
8874,1292
8875,1229
8878,1201
8879,1226
8880,1228
8883,1201
8884,1251
8885,1238
8888,1259
8889,1228
8890,1292
8891,1228
8894,1242
8895,1298
8896,1242
8899,1201
8900,1243
8901,1222
8904,1234
8905,1203
8906,1253
8909,1201
8910,1227
8911,1237
8912,1203
8915,1227
8916,1292
8917,1227
8920,1201
8921,1227
8922,1232
8925,1201
8926,1222
8927,1242
8928,1203
8931,1240
8932,1203
8933,1252
8934,1203
8937,1201
8938,1257
8939,1243
8942,1242
8943,1205
8944,1242
8947,1235
8950,1224
8951,1244
8954,1236
8955,1203
8956,1250
8959,1229
8960,1292
8961,1229
8964,1201
8965,1226
8966,1227
8969,1201
8970,1251
8971,1244
8972,1203
8975,1232
8976,1294
8977,1232
8980,1201
8981,1223
8982,1230
8985,1201
8986,1258
8987,1244
8990,1201
8991,1249
8992,1242
8995,1225
8996,1241
8997,1203
8998,1253
9001,1201
9002,1249
9003,1231
9004,1203
9007,1255
9008,1234
9009,1203
9010,1255
9013,1201
9014,1256
9015,1245
9018,1228
9019,1292
9020,1228
9023,1201
9024,1250
9025,1237
9028,1246
9029,1242
9032,1233
9033,1203
9034,1223
9035,1203
9038,1228
9039,1292
9040,1228
9043,1245
9044,1208
9045,1245
9048,1248
9049,1234
9052,1227
9053,1292
9054,1227
9057,1240
9058,1297
9059,1240
9062,1221
9063,1289
9064,1221
9067,1235
9068,1295
9069,1235
9072,1230
9075,1237
9076,1203
9077,1246
9080,1235
9081,1295
9082,1235
9085,1231
9086,1294
9087,1231
9090,1201
9091,1246
9092,1236
9095,1201
9096,1247
9097,1233
9100,1227
9103,1201
9104,1240
9105,1228
9108,1201
9109,1251
9110,1233
9113,1201
9114,1258
9115,1233
9118,1201
9119,1258
9120,1231
9121,1203
9122,1246
9125,1201
9126,1251
9127,1228
9130,1240
9131,1203
9132,1220
9135,1236
9138,1244
9139,1203
9140,1243
9143,1252
9144,1235
9147,1223
9148,1229
9151,1236
9154,1234
9157,1234
9158,1203
9159,1257
9162,1238
9163,1203
9164,1253
9167,1241
9170,1228
9173,1250
9174,1240
9177,1228
9180,1201
9181,1249
9182,1237
9185,1201
9186,1222
9187,1249
9190,1201
9191,1243
9192,1245
9195,1201
9196,1252
9197,1244
9200,1244
9203,1201
9204,1248
9205,1227
9206,1203
9209,1201
9210,1256
9211,1230
9214,1201
9215,1226
9216,1221
9219,1238
9222,1233
9225,1237
9228,1236
9231,1244
9234,1201
9235,1222
9236,1240
9239,1201
9240,1246
9241,1242
9244,1201
9245,1252
9246,1243
9249,1201
9250,1256
9253,1201
9254,1243
9257,1241
9260,1252
9261,1203
9264,1201
9265,1255
9268,1201
9269,1252
9272,1201
9273,1259
9276,1201
9277,1225
9280,1222
9281,1240
9284,1231
9287,1236
9290,1239
9293,1257
9294,1234
9297,1249
9298,1244
9301,1236
9304,1248
9305,1242
9308,1201
9311,1259
9312,1227
9315,1227
9318,1201
9319,1226
9322,1238
9325,1241
9328,1221
9331,1201
9334,1201
9337,1201
9340,1201
9341,1253
9344,1237
9347,1201
9348,1246
9351,1229
9354,1235
9357,1255
9358,1229
9361,1228
9364,1224
9365,1240
9368,1229
9371,1234
9374,1256
9377,1201
9380,1201
9383,1201
9386,1201
9389,1201
9392,1201
9395,1201
9398,1258
9401,1230
9404,1223
9407,1259
9410,1231
