idEvent,idBed
1433,303
1434,656
1435,20
1436,656
1437,1073
1438,656
1441,495
1442,551
1445,861
1446,297
1447,23
1448,297
1451,225
1452,1065
1453,225
1454,527
1455,20
1456,527
1457,546
1458,32
1459,546
1460,533
1461,22
1462,533
1465,650
1466,144
1467,1075
1468,144
1469,32
1470,144
1471,1082
1472,144
1473,19
1474,144
1475,1077
1476,144
1479,386
1480,636
1481,1083
1482,636
1483,27
1484,636
1485,1070
1486,636
1487,29
1488,636
1489,1078
1490,636
1493,512
1494,630
1495,1065
1496,630
1497,36
1498,630
1499,1082
1500,630
1503,91
1504,930
1505,129
1506,1079
1507,129
1508,19
1509,129
1510,1079
1511,129
1512,35
1513,129
1514,1078
1515,129
1518,204
1519,284
1520,1076
1521,284
1524,431
1527,953
1528,990
1529,653
1530,1079
1531,653
1532,19
1533,653
1536,747
1537,459
1538,1082
1539,459
1540,19
1541,459
1542,495
1545,537
1546,461
1547,1063
1548,461
1551,155
1552,330
1553,30
1554,330
1555,1074
1556,330
1557,43
1558,330
1561,333
1562,149
1563,1069
1564,149
1565,1070
1566,149
1567,1082
1568,149
1569,41
1570,149
1571,1071
1572,149
1575,81
1576,45
1577,206
1578,389
1579,1076
1580,389
1583,684
1586,723
1587,776
1588,19
1589,776
1590,864
1591,22
1592,864
1593,1082
1594,864
1597,581
1598,29
1599,581
1600,548
1603,831
1604,696
1605,40
1606,696
1607,1075
1608,696
1609,1086
1610,696
1611,33
1612,696
1615,936
1616,489
1619,855
1620,674
1621,1086
1622,674
1623,1071
1624,674
1625,29
1626,674
1627,690
1628,95
1629,1022
1632,858
1635,287
1636,687
1637,1065
1638,687
1639,24
1640,687
1641,1075
1642,687
1645,734
1646,305
1647,26
1648,305
1651,804
1652,665
1653,1068
1654,665
1657,1049
1658,300
1659,95
1660,842
1661,21
1662,842
1663,810
1664,29
1665,810
1666,1085
1667,810
1668,39
1669,810
1672,753
1675,912
1676,444
1679,758
1680,647
1681,1075
1682,647
1683,30
1684,647
1685,1077
1686,647
1689,767
1690,722
1691,1085
1692,722
1693,1070
1694,722
1697,924
1698,372
1699,42
1700,372
1701,1071
1702,372
1705,794
1706,812
1707,293
1708,1078
1709,293
1710,43
1711,293
1714,338
1715,419
1716,1080
1717,419
1720,480
1721,612
1722,1072
1723,612
1724,29
1725,612
1726,1072
1727,612
1730,695
1731,303
1732,285
1735,248
1736,819
1737,1079
1738,819
1739,23
1740,819
1741,1076
1742,819
1743,24
1744,819
1747,1053
1748,708
1749,92
1750,875
1753,305
1754,716
1755,1075
1756,716
1759,522
1762,201
1763,21
1764,201
1765,411
1768,477
1769,294
1770,35
1771,294
1772,1066
1773,294
1776,914
1777,710
1780,83
1781,98
1782,911
1783,560
1784,98
1785,188
1788,194
1789,1081
1790,194
1791,488
1792,26
1793,488
1796,720
1797,299
1798,43
1799,299
1802,315
1803,494
1804,33
1805,494
1806,1063
1807,494
1810,432
1811,575
1812,1073
1813,575
1814,36
1815,575
1816,1064
1817,575
1820,212
1821,368
1824,678
1825,590
1828,986
1829,471
1830,1073
1831,471
1832,29
1833,471
1836,654
1837,672
1838,1078
1839,672
1840,1064
1841,672
1842,27
1843,672
1844,687
1847,648
1848,1086
1849,648
1850,474
1851,33
1852,474
1855,317
1856,609
1859,222
1862,666
1863,506
1864,1083
1865,506
1866,20
1867,506
1870,435
1871,701
1872,33
1873,701
1874,1076
1875,701
1876,21
1877,701
1878,1076
1879,701
1882,627
1883,549
1886,713
1887,545
1888,37
1889,545
1892,356
1893,149
1896,972
1897,477
1898,450
1899,1081
1900,450
1901,44
1902,450
1903,1080
1904,450
1905,30
1906,450
1909,443
1910,282
1911,1083
1912,282
1915,182
1916,603
1917,1084
1918,603
1919,28
1920,603
1921,1069
1922,603
1923,31
1924,603
1927,389
1928,43
1929,389
1930,491
1931,93
1932,929
1933,39
1934,929
1935,1072
1936,929
1937,44
1938,929
1941,900
1942,356
1945,792
1946,639
1947,91
1948,1047
1949,25
1950,1047
1951,1063
1952,1047
1953,19
1954,1047
1955,1029
1956,24
1957,1029
1960,501
1961,135
1962,103
1965,534
1966,335
1967,1078
1968,335
1971,396
1974,566
1975,1069
1976,566
1979,200
1980,729
1983,903
1984,422
1985,1081
1986,422
1987,1066
1988,422
1991,423
1992,25
1993,423
1994,617
1995,597
1996,37
1997,597
1998,563
1999,94
2000,855
2001,1065
2002,855
2003,24
2004,855
2007,282
2008,528
2009,1070
2010,528
2011,28
2012,528
2013,1068
2014,528
2015,1077
2016,528
2017,25
2018,528
2021,740
2024,311
2025,1065
2026,311
2027,620
2028,43
2029,620
2030,1069
2031,620
2032,1082
2033,620
2034,28
2035,620
2036,1085
2037,620
2040,929
2041,152
2042,1063
2043,152
2044,41
2045,152
2046,1065
2047,152
2048,28
2049,152
2050,1068
2051,152
2054,327
2055,689
2056,34
2057,689
2060,1011
2061,1076
2062,1011
2063,504
2064,30
2065,504
2068,618
2069,530
2070,1081
2071,530
2072,45
2073,530
2074,1075
2075,530
2076,44
2077,530
2078,1084
2079,530
2082,234
2083,31
2084,234
2085,320
2086,305
2089,156
2090,1072
2091,156
2092,435
2093,1083
2094,435
2095,20
2096,435
2097,28
2098,435
2099,1064
2100,435
2103,882
2104,608
2105,1068
2106,608
2107,26
2108,608
2109,1066
2110,608
2113,88
2114,97
2115,240
2116,278
2119,617
2120,20
2121,617
2122,878
2123,885
2124,1069
2125,885
2128,188
2131,416
2132,549
2135,947
2136,410
2139,153
2140,1083
2141,153
2144,810
2147,906
2148,486
2149,25
2150,486
2151,92
2152,774
2153,99
2154,243
2157,573
2158,369
2161,85
2162,92
2163,756
2164,602
2165,101
2166,1061
2169,813
2170,108
2171,42
2172,108
2175,221
2178,686
2179,605
2180,28
2181,605
2184,738
2185,626
2188,500
2191,378
2192,723
2193,1067
2194,723
2195,25
2196,723
2197,1077
2198,723
2199,28
2200,723
2203,888
2204,441
2207,82
2208,1084
2209,179
2210,567
2211,37
2212,567
2213,1072
2214,567
2215,1075
2216,567
2219,206
2220,326
2221,38
2222,326
2225,806
2226,395
2227,35
2228,395
2229,1066
2230,395
2233,120
2234,503
2235,44
2236,503
2237,1086
2238,503
2241,1016
2242,464
2243,1082
2244,464
2247,336
2248,22
2249,336
2250,663
2251,43
2252,663
2255,846
2256,683
2259,1044
2260,795
2261,1071
2262,795
2263,35
2264,795
2265,1075
2266,795
2267,21
2268,795
2269,1084
2270,795
2273,575
2274,516
2275,45
2276,516
2279,854
2280,1079
2281,854
2282,579
2283,25
2284,579
2287,677
2288,31
2289,677
2290,426
2291,44
2292,426
2293,441
2296,683
2299,138
2300,1081
2301,138
2302,552
2305,392
2306,692
2307,1077
2308,692
2309,22
2310,692
2311,1068
2312,692
2313,42
2314,692
2317,1034
2320,782
2321,30
2322,782
2323,516
2324,38
2325,516
2326,1082
2327,516
2328,1076
2329,516
2330,25
2331,516
2334,689
2337,563
2338,23
2339,563
2340,455
2341,31
2342,455
2345,834
2346,482
2347,32
2348,482
2349,1074
2350,482
2351,29
2352,482
2353,1083
2354,482
2355,37
2356,482
2359,134
2360,19
2361,134
2362,332
2363,27
2364,332
2367,236
2370,750
2371,455
2372,434
2375,497
2376,491
2377,704
2378,36
2379,704
2380,1068
2381,704
2382,1085
2383,704
2384,36
2385,704
2386,1084
2387,704
2390,1059
2391,40
2392,1059
2393,545
2394,1082
2395,545
2396,31
2397,545
2398,1067
2399,545
2400,28
2401,545
2404,636
2405,675
2406,1066
2407,675
2408,24
2409,675
2410,1080
2411,675
2412,43
2413,675
2416,741
2417,368
2420,848
2421,717
2422,30
2423,717
2426,783
2427,207
2428,1063
2429,207
2432,591
2433,548
2434,38
2435,548
2438,384
2441,836
2442,290
2443,26
2444,290
2445,101
2446,251
2447,1078
2448,251
2449,25
2450,251
2451,97
2452,126
2453,98
2454,800
2457,168
2460,968
2463,515
2464,573
2465,32
2466,573
2467,1083
2468,573
2469,1078
2470,573
2473,969
2474,42
2475,969
2476,137
2477,19
2478,137
2479,134
2480,1072
2481,134
2482,36
2483,134
2484,150
2487,339
2488,551
2489,1066
2490,551
2493,413
2494,306
2495,300
2496,27
2497,300
2500,483
2501,351
2502,1074
2503,351
2504,31
2505,351
2506,1071
2507,351
2508,38
2509,351
2510,1082
2511,351
2514,576
2515,302
2516,1078
2517,302
2518,44
2519,302
2520,1081
2521,302
2524,603
2525,420
2526,26
2527,420
2528,1075
2529,420
2530,20
2531,420
2532,1081
2533,420
2536,1040
2537,38
2538,1040
2539,563
2540,38
2541,563
2542,1086
2543,563
2546,978
2547,567
2548,44
2549,567
2552,179
2553,338
2554,1082
2555,338
2558,578
2559,275
2560,1064
2561,275
2564,273
2565,456
2566,45
2567,456
2568,1069
2569,456
2572,933
2575,419
2578,698
2579,1084
2580,698
2581,381
2584,668
2587,377
2588,1067
2589,377
2590,849
2591,1080
2592,849
2593,42
2594,849
2595,1063
2596,849
2599,110
2602,749
2603,107
2604,1079
2605,107
2606,1065
2607,107
2608,28
2609,107
2610,108
2611,1071
2612,108
2613,23
2614,108
2617,927
2618,1066
2619,927
2620,138
2621,19
2622,138
2625,911
2626,447
2627,45
2628,447
2631,981
2632,341
2633,36
2634,341
2635,1064
2636,341
2637,36
2638,341
2641,816
2644,404
2645,1068
2646,404
2649,881
2652,272
2653,681
2654,23
2655,681
2656,1078
2657,681
2658,45
2659,681
2662,735
2663,28
2664,735
2665,663
2666,648
2667,39
2668,648
2669,645
2672,798
2673,650
2674,1084
2675,650
2678,728
2679,593
2680,1068
2681,593
2682,43
2683,593
2684,1063
2685,593
2686,33
2687,593
2688,1069
2689,593
2692,374
2693,714
2694,1071
2695,714
2696,35
2697,714
2698,1076
2699,714
2700,1066
2701,714
2702,32
2703,714
2706,180
2707,35
2708,180
2709,416
2712,1019
2715,407
2718,185
2719,317
2720,1079
2721,317
2722,34
2723,317
2724,293
2727,780
2728,1073
2729,780
2730,956
2733,761
2734,438
2735,28
2736,438
2737,491
2740,270
2741,525
2742,1068
2743,525
2744,26
2745,525
2746,1083
2747,525
2748,27
2749,525
2752,464
2753,621
2754,1081
2755,621
2756,20
2757,621
2760,608
2761,314
2762,1066
2763,314
2764,25
2765,314
2766,1064
2767,314
2768,1077
2769,314
2772,297
2773,561
2774,33
2775,561
2776,1065
2777,561
2778,31
2779,561
2780,624
2781,1066
2782,624
2783,34
2784,624
2787,1004
2790,957
2791,1070
2792,957
2793,311
2794,1083
2795,311
2796,45
2797,311
2798,45
2799,311
2800,1067
2801,311
2804,429
2805,363
2806,24
2807,363
2810,845
2811,476
2812,1085
2813,476
2814,21
2815,476
2818,651
2819,588
2820,1069
2821,588
2822,27
2823,588
2826,759
2829,267
2830,1064
2831,267
2832,411
2833,45
2834,411
2835,438
2836,1074
2837,438
2838,19
2839,438
2842,977
2843,693
2846,395
2849,94
2850,1078
2851,94
2852,929
2853,624
2854,104
2857,833
2858,554
2859,1065
2860,554
2861,24
2862,554
2865,588
2866,390
2867,1072
2868,390
2871,860
2872,635
2873,34
2874,635
2875,1072
2876,635
2877,44
2878,635
2879,1072
2880,635
2881,35
2882,635
2885,791
2888,213
2889,1071
2890,213
2891,732
2892,1084
2893,732
2896,570
2897,327
2898,1076
2899,327
2900,30
2901,327
2902,306
2903,100
2904,932
2905,39
2906,932
2907,1070
2908,932
2911,177
2912,684
2913,1076
2914,684
2915,32
2916,684
2919,662
2920,431
2921,22
2922,431
2923,498
2924,37
2925,498
2926,1084
2927,498
2928,19
2929,498
2932,227
2933,353
2934,19
2935,353
2936,1072
2937,353
2938,36
2939,353
2942,87
2943,1072
2944,173
2947,1058
2948,725
2951,473
2954,488
2955,1063
2956,488
2959,1025
2960,309
2961,23
2962,309
2963,300
2966,129
2969,582
2972,365
2973,1071
2974,365
2975,729
2976,94
2977,243
2978,94
2979,167
2980,25
2981,167
2984,585
2987,711
2988,702
2989,824
2990,102
2993,90
2994,1085
2995,90
2996,890
2997,128
2998,42
2999,128
3000,110
3001,20
3002,110
3005,123
3006,537
3007,1077
3008,537
3009,33
3010,537
3011,1066
3012,537
3015,584
3018,420
3019,344
3020,1085
3021,344
3022,23
3023,344
3024,1081
3025,344
3028,746
3029,321
3030,28
3031,321
3032,1082
3033,321
3034,38
3035,321
3036,1070
3037,321
3038,1071
3039,321
3042,840
3043,158
3046,699
3047,536
3048,27
3049,536
3050,1072
3051,536
3052,39
3053,536
3056,987
3057,1066
3058,987
3059,369
3060,39
3061,369
3062,1079
3063,369
3064,32
3065,369
3066,1065
3067,369
3070,465
3071,1073
3072,465
3073,143
3074,43
3075,143
3076,1074
3077,143
3078,1073
3079,143
3080,1086
3081,143
3084,962
3085,22
3086,962
3089,309
3092,70
3093,845
3096,237
3097,534
3100,974
3101,318
3102,102
3103,1025
3104,29
3105,1025
3108,171
3109,492
3110,42
3111,492
3112,1069
3113,492
3114,43
3115,492
3116,1085
3117,492
3118,41
3119,492
3120,459
3123,479
3124,593
3127,93
3128,1078
3129,93
3130,200
3131,669
3132,32
3133,669
3134,1080
3135,669
3136,94
3137,770
3138,1083
3139,770
3142,503
3145,893
3146,720
3147,28
3148,720
3151,542
3152,426
3155,449
3156,42
3157,449
3158,150
3159,39
3160,150
3161,1077
3162,150
3163,1077
3164,150
3165,36
3166,150
3169,732
3170,1064
3171,732
3172,449
3173,42
3174,449
3175,1070
3176,449
3177,37
3178,449
3181,989
3184,1026
3185,378
3186,25
3187,378
3190,818
3191,644
3194,324
3195,39
3196,324
3197,143
3198,96
3199,171
3202,606
3205,803
3206,509
3207,1072
3208,509
3209,29
3210,509
3211,1081
3212,509
3215,350
3218,161
3219,498
3220,20
3221,498
3222,417
3225,743
3226,638
3227,1067
3228,638
3229,42
3230,638
3231,1079
3232,638
3235,875
3236,350
3237,1081
3238,350
3239,20
3240,350
3241,353
3244,938
3245,401
3246,1078
3247,401
3248,45
3249,401
3250,1065
3251,401
3252,26
3253,401
3254,1063
3255,401
3258,527
3259,1080
3260,527
3263,1047
3264,996
3265,135
3266,1081
3267,135
3268,1067
3269,135
3270,1069
3271,135
3272,41
3273,135
3274,1080
3275,135
3278,366
3279,315
3280,20
3281,315
3282,1071
3283,315
3284,38
3285,315
3288,663
3289,1063
3290,663
3291,293
3292,97
3293,770
3296,756
3297,405
3300,197
3303,510
3306,174
3307,27
3308,174
3311,243
3312,43
3313,243
3314,698
3317,245
3320,597
3321,1069
3322,597
3323,416
3324,1075
3325,416
3326,44
3327,416
3328,30
3329,416
3330,1077
3331,416
3334,453
3335,20
3336,453
3339,371
3340,36
3341,371
3342,366
3343,857
3344,33
3345,857
3348,131
3349,690
3350,1074
3351,690
3354,215
3355,518
3356,1082
3357,518
3358,1067
3359,518
3362,558
3365,536
3366,507
3367,1076
3368,507
3369,560
3370,92
3373,579
3374,1069
3375,579
3376,645
3377,100
3378,258
3379,31
3380,258
3381,1067
3382,258
3385,696
3386,32
3387,696
3390,198
3393,1028
3394,380
3395,43
3396,380
3397,1071
3398,380
3399,40
3400,380
3403,240
3406,554
3407,473
3408,41
3409,473
3412,714
3413,585
3414,590
3415,97
3416,222
3419,963
3420,606
3421,1082
3422,606
3425,948
3428,233
3429,600
3430,32
3431,600
3434,321
3435,627
3436,38
3437,627
3438,1085
3439,627
3440,28
3441,627
3442,630
3443,25
3444,630
3445,599
3448,762
3451,870
3452,425
3453,25
3454,425
3455,1081
3456,425
3459,915
3460,524
3461,1073
3462,524
3463,36
3464,524
3465,1070
3466,524
3467,1081
3468,524
3469,20
3470,524
3473,498
3474,966
3475,40
3476,966
3477,1070
3478,966
3479,42
3480,966
3481,1074
3482,966
3483,31
3484,966
3485,936
3488,126
3489,570
3490,1078
3491,570
3492,25
3493,570
3496,276
3497,1065
3498,276
3499,710
3500,98
3501,809
3502,104
3505,998
3506,582
3507,1066
3508,582
3511,572
3512,35
3513,572
3514,377
3515,1075
3516,377
3519,144
3520,662
3521,29
3522,662
3523,1084
3524,662
3525,30
3526,662
3527,1074
3528,662
3531,291
3532,555
3533,1079
3534,555
3535,45
3536,555
3539,381
3540,594
3541,37
3542,594
3543,1080
3544,594
3545,1063
3546,594
3547,35
3548,594
3549,1063
3550,594
3553,644
3554,113
3555,1077
3556,113
3557,33
3558,113
3559,126
3560,97
3561,1046
3564,1017
3565,285
3566,22
3567,285
3570,417
3571,34
3572,417
3573,323
3574,99
3575,741
3576,94
3577,233
3580,611
3581,500
3582,24
3583,500
3584,486
3585,31
3586,486
3589,530
3590,462
3591,1067
3592,462
3593,26
3594,462
3595,1073
3596,462
3599,314
3602,357
3605,647
3606,668
3607,1074
3608,668
3609,31
3610,668
3611,1080
3612,668
3613,22
3614,668
3615,1081
3616,668
3619,815
3622,104
3625,159
3626,1077
3627,159
3630,437
3631,140
3632,39
3633,140
3634,1068
3635,140
3636,19
3637,140
3638,1073
3639,140
3640,44
3641,140
3642,138
3645,681
3646,428
3647,27
3648,428
3651,786
3652,654
3653,36
3654,654
3655,1067
3656,654
3659,777
3660,1073
3661,777
3662,693
3665,251
3666,308
3667,24
3668,308
3671,96
3674,521
3675,28
3676,521
3677,648
3678,105
3681,410
3684,485
3685,1076
3686,485
3687,131
3690,329
3691,1082
3692,329
3693,110
3694,32
3695,110
3698,779
3699,515
3702,605
3705,725
3706,992
3709,755
3710,374
3711,21
3712,374
3713,372
3714,23
3715,372
3716,1065
3717,372
3718,39
3719,372
3722,440
3723,678
3726,141
3727,609
3728,1071
3729,609
3730,1071
3731,609
3732,1084
3733,609
3734,28
3735,609
3738,975
3739,357
3740,1076
3741,357
3742,1086
3743,357
3746,557
3749,122
3750,291
3751,27
3752,291
3753,276
3754,32
3755,276
3756,1078
3757,276
3758,33
3759,276
3762,708
3763,557
3766,612
3769,239
3770,32
3771,239
3772,884
3773,35
3774,884
3775,1065
3776,884
3779,716
3780,360
3781,1084
3782,360
3783,1069
3784,360
3785,40
3786,360
3787,98
3788,1016
3789,20
3790,1016
3793,375
3794,540
3795,30
3796,540
3797,533
3798,1076
3799,533
3800,26
3801,533
3804,635
3807,387
3808,539
3809,26
3810,539
3813,710
3816,195
3817,614
3818,1085
3819,614
3820,35
3821,614
3824,191
3827,1043
3828,657
3829,40
3830,657
3831,1069
3832,657
3833,33
3834,657
3835,1067
3836,657
3837,37
3838,657
3839,647
3842,879
3843,443
3844,38
3845,443
3846,1081
3847,443
3848,1078
3849,443
3852,102
3853,222
3854,276
3857,737
3858,522
3859,1070
3860,522
3861,28
3862,522
3863,1083
3864,522
3865,1066
3866,522
3867,22
3868,522
3871,621
3872,531
3873,1086
3874,531
3877,75
3878,915
3879,455
3882,774
3883,281
3884,21
3885,281
3888,348
3889,44
3890,348
3891,324
3892,1074
3893,324
3896,79
3897,95
3898,786
3899,366
3900,104
3901,875
3902,97
3903,765
3906,809
3909,705
3910,483
3911,1075
3912,483
3913,21
3914,483
3915,1085
3916,483
3917,26
3918,483
3919,438
3920,102
3923,867
3924,34
3925,867
3926,549
3927,39
3928,549
3929,1065
3930,549
3933,675
3934,533
3935,23
3936,533
3937,512
3938,1083
3939,512
3940,25
3941,512
3942,531
3943,1073
3944,531
3947,797
3948,1067
3949,797
3950,170
3951,90
3952,752
3953,96
3954,234
3957,132
3958,558
3959,1069
3960,558
3961,27
3962,558
3963,1074
3964,558
3967,326
3968,414
3969,1077
3970,414
3973,393
3974,1071
3975,393
3976,209
3977,41
3978,209
3981,332
3982,1070
3983,332
3984,348
3985,44
3986,348
3987,345
3988,1075
3989,345
3990,39
3991,345
3994,641
3995,432
3996,39
3997,432
3998,1064
3999,432
4000,30
4001,432
4002,1084
4003,432
4004,1081
4005,432
4008,74
4011,873
4014,302
4015,959
4016,25
4017,959
4018,891
4019,1085
4020,891
4021,45
4022,891
4025,899
4028,1031
4031,135
4034,450
4035,273
4036,34
4037,273
4038,1076
4039,273
4040,1080
4041,273
4042,21
4043,273
4044,1065
4045,273
4048,405
4049,458
4050,1077
4051,458
4052,44
4053,458
4056,341
4057,599
4058,24
4059,599
4060,582
4063,1038
4066,1001
4069,492
4072,99
4073,1019
4074,644
4075,1077
4076,644
4077,41
4078,644
4079,1083
4080,644
4083,843
4084,711
4085,707
4086,26
4087,707
4088,1086
4089,707
4090,42
4091,707
4092,1074
4093,707
4096,1050
4097,690
4100,830
4101,25
4102,830
4103,366
4106,660
4109,531
4112,149
4113,638
4116,140
4117,660
4118,34
4119,660
4120,1063
4121,660
4122,30
4123,660
4124,659
4127,827
4128,569
4129,566
4130,97
4131,972
4132,98
4133,824
4134,100
4135,770
4138,828
4139,29
4140,828
4143,506
4144,398
4145,19
4146,398
4147,368
4148,95
4149,195
4150,101
4151,878
4152,34
4153,878
4156,290
4159,909
4162,77
4163,33
4164,750
4165,437
4166,36
4167,437
4170,626
4171,356
4174,942
4175,578
4176,1085
4177,578
4178,19
4179,578
4180,1084
4181,578
4182,42
4183,578
4184,1067
4185,578
4188,100
4189,1063
4190,100
4191,941
4192,600
4193,34
4194,600
4197,602
4198,30
4199,602
4200,141
4201,94
4202,242
4205,524
4206,359
4207,1063
4208,359
4209,23
4210,359
4211,1073
4212,359
4215,528
4216,666
4217,1084
4218,666
4219,19
4220,666
4221,1064
4222,666
4225,456
4226,680
4227,32
4228,680
4231,918
4232,147
4233,22
4234,147
4235,1080
4236,147
4237,26
4238,147
4239,1067
4240,147
4241,1073
4242,147
4245,1010
4246,576
4247,33
4248,576
4249,1085
4250,576
4251,1086
4252,576
4255,162
4258,671
4259,387
4260,36
4261,387
4264,594
4265,728
4266,1073
4267,728
4268,1078
4269,728
4270,41
4271,728
4274,552
4275,1080
4276,552
4277,596
4278,44
4279,596
4280,629
4281,1065
4282,629
4283,41
4284,629
4285,566
4288,764
4291,839
4294,114
4295,26
4296,114
4297,624
4298,585
4299,99
4300,860
4301,1074
4302,860
4305,254
4306,396
4307,29
4308,396
4309,1064
4310,396
4313,320
4314,24
4315,320
4316,440
4317,95
4318,822
4319,1081
4320,822
4323,984
4324,1083
4325,984
4326,318
4329,258
4332,467
4333,1077
4334,467
4335,717
4338,905
4341,491
4342,642
4343,39
4344,642
4345,1063
4346,642
4347,25
4348,642
4349,1071
4350,642
4351,30
4352,642
4355,701
4356,501
4357,30
4358,501
4359,1085
4360,501
4361,33
4362,501
4363,1068
4364,501
4365,36
4366,501
4369,105
4370,41
4371,105
4372,888
4373,20
4374,888
4377,351
4378,375
4381,434
4382,19
4383,434
4384,393
4385,381
4386,38
4387,381
4388,387
4391,944
4392,347
4393,1083
4394,347
4395,1068
4396,347
4397,39
4398,347
4401,354
4404,399
4405,1068
4406,399
4407,587
4408,41
4409,587
4410,605
4411,42
4412,605
4413,588
4414,36
4415,588
4418,284
4419,39
4420,284
4423,560
4424,33
4425,560
4426,683
4429,383
4430,27
4431,383
4432,329
4433,93
4434,872
4437,150
4438,24
4439,150
4440,306
4441,100
4442,182
4445,380
4446,543
4447,31
4448,543
4449,540
4450,1072
4451,540
4452,20
4453,540
4454,518
4455,21
4456,518
4459,482
4460,623
4461,104
4462,743
4463,23
4464,743
4465,98
4466,155
4469,344
4470,345
4471,534
4472,91
4473,909
4474,90
4477,965
4480,224
4481,41
4482,224
4483,521
4484,95
4485,866
4488,401
4489,591
4490,37
4491,591
4492,1065
4493,591
4494,24
4495,591
4496,1069
4497,591
4498,33
4499,591
4502,359
4503,695
4504,693
4505,34
4506,693
4507,1072
4508,693
4509,34
4510,693
4511,1066
4512,693
4513,27
4514,693
4517,941
4518,446
4519,1067
4520,446
4521,25
4522,446
4523,1074
4524,446
4527,951
4528,132
4529,43
4530,132
4531,1068
4532,132
4533,26
4534,132
4537,1056
4538,296
4539,39
4540,296
4541,1068
4542,296
4543,32
4544,296
4545,272
4546,100
4547,896
4550,125
4551,704
4554,923
4555,384
4556,22
4557,384
4560,669
4561,116
4562,21
4563,116
4564,1079
4565,116
4566,25
4567,116
4568,1066
4569,116
4570,114
4573,822
4574,479
4575,31
4576,479
4577,1073
4578,479
4579,42
4580,479
4581,1075
4582,479
4583,1082
4584,479
4587,800
4590,1041
4591,45
4592,1041
4595,642
4596,771
4597,825
4598,28
4599,825
4600,1077
4601,825
4602,43
4603,825
4604,1083
4605,825
4606,44
4607,825
4610,866
4611,288
4612,36
4613,288
4614,1065
4615,288
4616,1066
4617,288
4618,45
4619,288
4620,1066
4621,288
4624,509
4625,651
4626,1070
4627,651
4628,28
4629,651
4630,1067
4631,651
4632,33
4633,651
4634,1080
4635,651
4638,330
4639,429
4640,40
4641,429
4642,1066
4643,429
4644,45
4645,429
4646,1082
4647,429
4648,38
4649,429
4652,863
4653,659
4654,29
4655,659
4656,1064
4657,659
4658,37
4659,659
4662,173
4665,476
4668,789
4669,36
4670,789
4671,312
4672,318
4673,40
4674,318
4677,288
4678,366
4681,342
4682,1070
4683,342
4684,512
4685,31
4686,512
4689,719
4690,629
4691,35
4692,629
4695,219
4696,38
4697,219
4700,821
4701,768
4702,1075
4703,768
4704,546
4705,33
4706,546
4709,1037
4710,1067
4711,1037
4712,519
4713,38
4714,519
4715,551
4716,1071
4717,551
4718,23
4719,551
4720,549
4723,425
4724,323
4727,167
4730,917
4731,37
4732,917
4733,383
4734,390
4735,30
4736,390
4737,380
4738,23
4739,380
4740,1069
4741,380
4744,165
4745,584
4748,261
4749,495
4750,19
4751,495
4754,752
4755,279
4756,44
4757,279
4758,1070
4759,279
4760,20
4761,279
4764,516
4765,587
4766,1074
4767,587
4770,164
4771,770
4772,99
4773,834
4774,24
4775,834
4778,470
4779,542
4780,37
4781,542
4782,1067
4783,542
4784,41
4785,542
4786,1064
4787,542
4790,147
4791,971
4792,1064
4793,971
4794,22
4795,971
4796,1078
4797,971
4798,29
4799,971
4800,1086
4801,971
4804,474
4805,37
4806,474
4807,569
4808,45
4809,569
4810,639
4813,111
4814,1085
4815,111
4816,705
4817,20
4818,705
4819,1077
4820,705
4821,33
4822,705
4823,1078
4824,705
4825,38
4826,705
4829,446
4832,851
4833,1082
4834,851
4835,386
4836,45
4837,386
4838,1086
4839,386
4840,29
4841,386
4844,980
4845,615
4846,1086
4847,615
4850,218
4851,21
4852,218
4855,614
4856,470
4857,35
4858,470
4859,1072
4860,470
4861,1077
4862,470
4863,25
4864,470
4865,1067
4866,470
4869,935
4870,137
4871,101
4872,981
4873,22
4874,981
4875,908
4878,693
4879,564
4880,41
4881,564
4882,1070
4883,564
4886,408
4887,1064
4888,408
4889,381
4890,91
4891,821
4892,31
4893,821
4894,759
4897,633
4898,40
4899,633
4900,146
4901,153
4902,41
4903,153
4904,137
4905,24
4906,137
4909,504
4910,23
4911,504
4912,626
4913,92
4914,870
4915,98
4916,968
4917,1066
4918,968
4921,645
4922,1086
4923,645
4924,585
4925,103
4926,201
4927,37
4928,201
4929,189
4932,452
4933,1075
4934,452
4935,123
4936,36
4937,123
4938,1076
4939,123
4940,1067
4941,123
4942,34
4943,123
4946,707
4947,1079
4948,707
4949,497
4950,43
4951,497
4954,146
4955,731
4956,1070
4957,731
4958,1069
4959,731
4960,1065
4961,731
4962,43
4963,731
4964,1082
4965,731
4968,293
4969,641
4970,42
4971,641
4972,1084
4973,641
4974,1080
4975,641
4976,30
4977,641
4980,842
4981,287
4982,41
4983,287
4984,1067
4985,287
4988,192
4989,354
4990,1084
4991,354
4992,22
4993,354
4994,342
4997,939
4998,44
4999,939
5000,632
5001,21
5002,632
5003,596
5004,1070
5005,596
5006,37
5007,596
5010,308
5011,788
5012,31
5013,788
5014,1073
5015,788
5016,32
5017,788
5018,1085
5019,788
5022,183
5023,437
5026,624
5027,1068
5028,624
5029,441
5030,39
5031,441
5032,473
5033,1082
5034,473
5037,525
5038,407
5039,414
5042,665
5043,713
5044,1080
5045,713
5048,1061
5049,699
5050,31
5051,699
5052,1065
5053,699
5054,34
5055,699
5056,1081
5057,699
5058,26
5059,699
5062,143
5063,1066
5064,143
5065,639
5066,37
5067,639
5068,624
5071,1035
5072,995
5073,557
5074,40
5075,557
5076,1066
5077,557
5078,1070
5079,557
5080,31
5081,557
5082,1086
5083,557
5086,960
5087,413
5088,1080
5089,413
5090,44
5091,413
5094,785
5095,993
5096,29
5097,993
5098,1084
5099,993
5100,19
5101,993
5104,657
5105,513
5106,1080
5107,513
5108,1063
5109,513
5110,35
5111,513
5112,509
5113,1082
5114,509
5115,45
5116,509
5119,930
5120,719
5121,27
5122,719
5125,894
5126,653
5127,96
5128,270
5131,1062
5132,1074
5133,1062
5134,410
5137,279
5138,402
5139,21
5140,402
5141,366
5144,71
5145,1074
5146,233
5147,303
5148,24
5149,303
5150,1064
5151,303
5152,31
5153,303
5156,773
5157,26
5158,773
5159,552
5160,105
5161,975
5162,1071
5163,975
5164,1068
5165,975
5166,43
5167,975
5170,629
5171,620
5172,1074
5173,620
5174,648
5177,369
5178,510
5179,1083
5180,510
5181,21
5182,510
5183,555
5186,983
5187,1075
5188,983
5189,416
5190,102
5191,111
5194,717
5195,468
5196,1071
5197,468
5200,263
5201,1072
5202,263
5203,444
5204,42
5205,444
5206,485
5209,86
5210,815
5211,329
5212,1081
5213,329
5214,43
5215,329
5216,1078
5217,329
5218,33
5219,329
5220,1068
5221,329
5224,72
5225,963
5226,695
5227,32
5228,695
5229,1085
5230,695
5233,411
5234,345
5235,101
5236,221
5237,28
5238,221
5239,1073
5240,221
5241,28
5242,221
5243,1063
5244,221
5245,43
5246,221
5249,84
5250,792
5251,345
5252,1075
5253,345
5256,76
5257,989
5258,633
5259,1083
5260,633
5261,1071
5262,633
5263,1065
5264,633
5267,78
5268,978
5269,489
5270,1080
5271,489
5272,42
5273,489
5274,1068
5275,489
5276,37
5277,489
5278,1074
5279,489
5282,272
5283,281
5284,43
5285,281
5288,435
5289,461
5290,1078
5291,461
5292,21
5293,461
5296,73
5297,806
5298,408
5299,1082
5300,408
5301,1068
5302,408
5303,1071
5304,408
5305,43
5306,408
5307,1074
5308,408
5311,89
5312,1034
5313,480
5314,1076
5315,480
5316,34
5317,480
5318,1084
5319,480
5320,20
5321,480
5322,1083
5323,480
5326,80
5327,161
5328,363
5329,37
5330,363
5331,1063
5332,363
5333,1083
5334,363
5335,22
5336,363
5337,1067
5338,363
5341,744
5342,405
5343,1081
5344,405
5345,26
5346,405
5347,1072
5348,405
5351,546
5352,440
5353,99
5354,125
5355,41
5356,125
5357,1063
5358,125
5359,1069
5360,125
5361,20
5362,125
5365,611
5366,1069
5367,611
5368,27
5369,611
5370,1085
5371,611
5372,627
5373,1075
5374,627
5375,19
5376,627
5379,480
5380,423
5381,29
5382,423
5383,1074
5384,423
5385,35
5386,423
5387,1077
5388,423
5389,37
5390,423
5393,669
5394,678
5395,1080
5396,678
5397,29
5398,678
5401,686
5402,1064
5403,686
5406,519
5407,623
5410,1046
5411,450
5414,117
5415,339
5416,40
5417,339
5420,632
5421,453
5422,35
5423,453
5424,1067
5425,453
5426,1064
5427,453
5430,362
5431,1065
5432,362
5433,23
5434,362
5435,1086
5436,362
5437,31
5438,362
5439,1081
5440,362
5443,618
5444,1079
5445,618
5446,34
5447,618
5448,1067
5449,618
5452,596
5453,392
5454,1072
5455,392
5456,1079
5457,392
5458,1079
5459,392
5462,726
5463,720
5464,42
5465,720
5466,1086
5467,720
5468,1079
5469,720
5470,35
5471,720
5474,266
5475,653
5476,104
5477,848
5478,33
5479,848
5480,1076
5481,848
5482,36
5483,848
5486,278
5487,584
5488,34
5489,584
5490,1066
5491,584
5494,926
5495,512
5496,96
5497,836
5498,30
5499,836
5500,1083
5501,836
5502,39
5503,836
5504,1067
5505,836
5506,40
5507,836
5510,312
5511,546
5514,890
5515,333
5516,1080
5517,333
5518,24
5519,333
5522,671
5523,1086
5524,671
5525,22
5526,671
5529,119
5530,1086
5531,119
5532,21
5533,119
5534,1063
5535,119
5536,24
5537,119
5538,1066
5539,119
5542,633
5543,105
5544,915
5545,22
5546,915
5549,83
5550,813
5551,278
5552,102
5553,755
5554,28
5555,755
5556,1068
5557,755
5560,74
5561,1049
5562,407
5565,276
5566,103
5567,828
5568,1084
5569,828
5570,1069
5571,828
5572,1063
5573,828
5574,1079
5575,828
5578,79
5579,227
5580,566
5581,1078
5582,566
5585,85
5586,861
5587,393
5588,42
5589,393
5590,1073
5591,393
5592,1064
5593,393
5594,1077
5595,393
5598,88
5599,905
5600,410
5601,40
5602,410
5605,977
5606,710
5607,1086
5608,710
5609,1078
5610,710
5611,25
5612,710
5615,485
5616,43
5617,485
5620,807
5621,677
5624,125
5625,837
5626,1085
5627,837
5630,185
5631,711
5632,1084
5633,711
5634,1079
5635,711
5638,708
5639,41
5640,708
5641,1082
5642,708
5645,702
5646,1064
5647,702
5648,29
5649,702
5652,411
5653,93
5654,1031
5655,105
5656,200
5657,99
5658,209
5659,1081
5660,209
5661,27
5662,209
5665,84
5666,807
5667,590
5668,39
5669,590
5670,1071
5671,590
5672,43
5673,590
5674,1064
5675,590
5678,237
5679,417
5682,80
5683,879
5684,477
5687,342
5690,843
5691,626
5692,41
5693,626
5696,70
5697,894
5698,468
5701,71
5702,923
5703,428
5704,44
5705,428
5708,77
5709,974
5710,683
5713,887
5714,306
5715,23
5716,306
5717,318
5718,36
5719,318
5722,75
5723,978
5724,276
5725,90
5726,972
5727,28
5728,972
5729,1070
5730,972
5731,42
5732,972
5735,87
5736,882
5737,336
5738,45
5739,336
5740,300
5741,39
5742,300
5743,330
5746,73
5747,212
5748,465
5751,82
5752,771
5753,299
5754,26
5755,299
5758,78
5759,761
5760,356
5763,72
5764,933
5765,272
5766,103
5767,770
5768,102
5769,1050
5770,22
5771,1050
5772,1014
5773,34
5774,1014
5777,76
5778,222
5779,323
5780,35
5781,323
5782,1085
5783,323
5786,81
5787,1037
5788,515
5789,100
5790,779
5793,86
5794,900
5795,272
5796,33
5797,272
5798,95
5799,267
5802,789
5803,434
5804,101
5805,162
5808,597
5809,90
5810,935
5811,32
5812,935
5813,1075
5814,935
5817,1019
5818,452
5819,1079
5820,452
5823,88
5824,1046
5825,717
5826,45
5827,717
5828,1076
5829,717
5832,89
5833,758
5834,371
5837,79
5838,167
5839,543
5840,34
5841,543
5842,1074
5843,543
5844,27
5845,543
5848,74
5849,219
5850,342
5851,44
5852,342
5855,83
5856,984
5857,383
5858,23
5859,383
5860,1069
5861,383
5862,31
5863,383
5864,1076
5865,383
5868,230
5869,623
5870,40
5871,623
5872,1084
5873,623
5874,1070
5875,623
5876,28
5877,623
5880,507
5881,1077
5882,507
5883,41
5884,507
5885,1066
5886,507
5887,19
5888,507
5889,554
5892,375
5893,1082
5894,375
5895,21
5896,375
5897,41
5898,375
5899,1063
5900,375
5903,134
5904,1072
5905,134
5908,762
5909,285
5910,30
5911,285
5914,404
5915,1074
5916,404
5919,947
5920,117
5923,120
5924,548
5927,440
5928,1073
5929,440
5930,38
5931,440
5932,1064
5933,440
5934,45
5935,440
5938,141
5939,1085
5940,141
5941,20
5942,141
5943,27
5944,141
5945,1086
5946,141
5949,72
5950,830
5951,581
5952,1063
5953,581
5956,85
5957,195
5958,605
5961,467
5962,1073
5963,467
5964,27
5965,467
5968,80
5969,744
5970,606
5971,95
5972,947
5973,104
5974,989
5975,22
5976,989
5979,126
5980,645
5981,1083
5982,645
5985,76
5986,969
5987,384
5988,99
5989,995
5990,35
5991,995
5992,1086
5993,995
5996,161
5997,572
5998,38
5999,572
6000,581
6001,19
6002,581
6003,1070
6004,581
6007,365
6008,1075
6009,365
6010,36
6011,365
6014,852
6015,1076
6016,852
6017,35
6018,852
6019,839
6020,101
6021,816
6022,25
6023,816
6026,903
6027,335
6028,91
6029,887
6032,798
6033,312
6034,98
6035,996
6036,39
6037,996
6040,855
6041,414
6042,1078
6043,414
6044,37
6045,414
6046,495
6047,105
6048,743
6051,122
6052,1077
6053,122
6056,602
6057,1082
6058,602
6059,45
6060,602
6061,24
6062,602
6063,1079
6064,602
6067,725
6068,1074
6069,725
6072,779
6073,399
6074,37
6075,399
6076,102
6079,911
6080,617
6083,581
6084,92
6085,1026
6086,1065
6087,1026
6088,38
6089,1026
6090,1020
6091,43
6092,1020
6095,84
6096,270
6097,629
6098,93
6099,158
6100,24
6101,158
6102,1081
6103,158
6104,38
6105,158
6106,188
6109,70
6110,806
6111,434
6114,534
6115,1077
6116,534
6117,22
6118,534
6119,515
6120,1080
6121,515
6124,87
6125,1016
6126,722
6127,29
6128,722
6129,1080
6130,722
6133,82
6134,899
6135,650
6136,26
6137,650
6138,31
6139,650
6140,1075
6141,650
6144,77
6145,851
6146,356
6147,1080
6148,356
6149,23
6150,356
6151,350
6152,1080
6153,350
6156,71
6157,989
6158,599
6161,81
6162,782
6163,126
6166,73
6167,951
6168,398
6171,918
6172,539
6173,38
6174,539
6177,879
6178,585
6179,104
6180,764
6181,35
6182,764
6183,1075
6184,764
6185,39
6186,764
6189,78
6190,204
6191,324
6192,103
6193,854
6194,1079
6195,854
6196,30
6197,854
6198,827
6199,20
6200,827
6203,75
6204,990
6205,504
6206,37
6207,504
6210,257
6211,326
6212,1067
6213,326
6214,21
6215,326
6218,560
6219,1080
6220,560
6221,23
6222,560
6225,131
6226,1086
6227,131
6228,40
6229,131
6230,138
6231,1081
6232,138
6235,1035
6236,320
6237,96
6238,204
6239,1063
6240,204
6241,40
6242,204
6243,183
6244,93
6245,183
6248,933
6249,368
6250,103
6251,771
6252,103
6253,161
6254,102
6255,957
6256,39
6257,957
6258,950
6261,1032
6262,210
6263,40
6264,210
6267,726
6268,1079
6269,726
6272,72
6273,948
6274,387
6275,105
6278,89
6279,1019
6280,282
6281,38
6282,282
6285,228
6286,1071
6287,228
6288,24
6289,228
6292,86
6293,1040
6294,465
6295,27
6296,465
6297,1069
6298,465
6301,79
6302,780
6303,431
6306,521
6307,34
6308,521
6311,74
6312,906
6313,114
6314,100
6315,254
6316,91
6319,88
6320,236
6321,458
6322,1069
6323,458
6324,1083
6325,458
6326,21
6327,458
6328,477
6331,83
6332,815
6333,677
6334,33
6335,677
6336,1086
6337,677
6340,917
6341,378
6342,22
6343,378
6344,1070
6345,378
6346,29
6347,378
6348,1064
6349,378
6352,729
6353,20
6354,729
6355,1083
6356,729
6357,32
6358,729
6359,1072
6360,729
6363,1002
6364,32
6365,1002
6366,1008
6367,35
6368,1008
6369,1028
6372,861
6373,497
6374,40
6375,497
6376,1086
6377,497
6378,30
6379,497
6380,1073
6381,497
6384,698
6385,31
6386,698
6387,695
6388,1080
6389,695
6392,168
6393,419
6394,21
6395,419
6398,843
6399,713
6400,24
6401,713
6402,702
6403,35
6404,702
6407,905
6408,284
6409,20
6410,284
6411,1072
6412,284
6413,23
6414,284
6415,1078
6416,284
6419,927
6420,615
6423,1013
6424,275
6425,91
6426,794
6427,103
6428,771
6429,34
6430,771
6431,1080
6432,771
6435,686
6436,1070
6437,686
6438,36
6439,686
6442,263
6443,438
6444,96
6445,758
6446,31
6447,758
6450,278
6451,1064
6452,278
6453,32
6454,278
6455,338
6458,146
6459,1068
6460,146
6461,44
6462,146
6463,132
6464,24
6465,132
6468,164
6469,552
6472,407
6473,19
6474,407
6475,1084
6476,407
6477,38
6478,407
6479,1076
6480,407
6483,76
6484,741
6485,398
6486,1084
6487,398
6488,1084
6489,398
6490,45
6491,398
6494,77
6495,813
6496,491
6497,23
6498,491
6499,441
6500,1067
6501,441
6502,28
6503,441
6506,624
6507,97
6508,830
6509,97
6510,984
6511,93
6514,80
6515,182
6516,275
6517,104
6518,779
6519,90
6520,776
6521,90
6522,170
6525,70
6526,960
6527,624
6528,30
6529,624
6532,84
6533,963
6534,138
6535,95
6536,881
6537,19
6538,881
6539,1076
6540,881
6543,251
6544,422
6545,1084
6546,422
6547,1074
6548,422
6549,29
6550,422
6551,1065
6552,422
6555,78
6556,903
6557,186
6558,41
6559,186
6560,1073
6561,186
6562,19
6563,186
6566,75
6567,689
6568,324
6569,93
6570,899
6571,102
6572,917
6573,38
6574,917
6575,1070
6576,917
6579,85
6580,861
6581,564
6582,94
6583,174
6584,40
6585,174
6586,1065
6587,174
6590,245
6591,309
6592,36
6593,309
6594,23
6595,309
6598,468
6599,25
6600,468
6601,1071
6602,468
6605,477
6606,38
6607,477
6608,1073
6609,477
6610,24
6611,477
6612,453
6615,254
6616,531
6617,101
6618,203
6619,92
6620,927
6621,22
6622,927
6623,965
6626,978
6627,606
6630,335
6631,30
6632,335
6633,1081
6634,335
6635,42
6636,335
6637,312
6640,1011
6641,656
6644,176
6645,585
6646,94
6647,156
6650,749
6651,402
6654,515
6655,1073
6656,515
6659,81
6660,1046
6661,384
6662,34
6663,384
6664,1080
6665,384
6666,44
6667,384
6670,71
6671,161
6672,554
6673,41
6674,554
6675,1077
6676,554
6677,510
6678,94
6681,87
6682,170
6683,500
6684,97
6685,1037
6688,82
6689,1019
6690,485
6691,40
6692,485
6693,1076
6694,485
6695,36
6696,485
6699,747
6700,683
6701,25
6702,683
6705,72
6706,257
6707,510
6708,21
6709,510
6710,1079
6711,510
6714,73
6715,911
6716,506
6717,101
6718,756
6719,40
6720,756
6721,1071
6722,756
6725,267
6726,518
6727,102
6728,441
6729,97
6730,812
6733,629
6734,102
6735,734
6736,92
6737,230
6738,26
6739,230
6740,231
6741,95
6742,935
6745,290
6746,1075
6747,290
6748,24
6749,290
6752,812
6753,548
6754,90
6755,261
6756,33
6757,261
6758,1078
6759,261
6760,41
6761,261
6764,870
6765,366
6766,30
6767,366
6768,1063
6769,366
6770,42
6771,366
6774,218
6775,471
6776,24
6777,471
6778,26
6779,471
6782,224
6783,519
6784,105
6785,411
6786,36
6787,411
6790,447
6791,93
6792,969
6793,28
6794,969
6795,921
6796,40
6797,921
6800,786
6801,897
6802,26
6803,897
6804,1075
6805,897
6808,120
6809,35
6810,120
6811,1076
6812,120
6813,34
6814,120
6815,1066
6816,120
6819,320
6820,1082
6821,320
6822,1073
6823,320
6824,23
6825,320
6826,317
6829,465
6830,92
6831,962
6832,28
6833,962
6834,1082
6835,962
6836,1083
6837,962
6840,191
6841,297
6842,1079
6843,297
6844,1072
6845,297
6846,32
6847,297
6850,665
6851,27
6852,665
6853,1085
6854,665
6857,203
6858,312
6859,1070
6860,312
6863,579
6864,1078
6865,579
6866,1071
6867,579
6870,79
6871,872
6872,600
6873,1069
6874,600
6877,291
6878,1068
6879,291
6882,83
6883,198
6884,552
6885,44
6886,552
6889,89
6890,744
6891,654
6892,33
6893,654
6894,1070
6895,654
6896,1075
6897,654
6900,74
6901,1041
6902,582
6903,34
6904,582
6905,1080
6906,582
6907,1069
6908,582
6911,88
6912,999
6913,137
6914,96
6915,981
6916,30
6917,981
6920,86
6921,387
6922,306
6925,77
6926,833
6927,569
6930,876
6931,1066
6932,876
6935,740
6936,1067
6937,740
6938,858
6941,768
6942,357
6943,90
6944,873
6945,104
6946,1032
6947,1073
6948,1032
6949,37
6950,1032
6953,582
6954,105
6955,882
6956,94
6957,815
6960,902
6961,1077
6962,902
6965,434
6966,43
6967,434
6968,1079
6969,434
6970,29
6971,434
6974,237
6975,656
6976,23
6977,656
6978,659
6979,40
6980,659
6983,80
6984,906
6985,300
6988,76
6989,215
6990,708
6991,38
6992,708
6993,1068
6994,708
6995,26
6996,708
6999,85
7000,1061
7001,371
7002,21
7003,371
7004,1068
7005,371
7008,78
7009,179
7010,324
7011,29
7012,324
7013,1083
7014,324
7015,1064
7016,324
7019,566
7020,34
7021,566
7022,1064
7023,566
7026,84
7027,813
7028,354
7029,38
7030,354
7031,1074
7032,354
7033,32
7034,354
7037,87
7038,930
7039,648
7040,32
7041,648
7042,1073
7043,648
7044,30
7045,648
7048,70
7049,111
7050,281
7051,22
7052,281
7053,1066
7054,281
7057,75
7058,1017
7059,350
7060,91
7061,843
7064,680
7065,91
7066,213
7067,20
7068,213
7069,1081
7070,213
7071,22
7072,213
7075,690
7076,42
7077,690
7080,716
7081,27
7082,716
7083,732
7084,1078
7085,732
7088,855
7089,338
7090,37
7091,338
7094,339
7095,19
7096,339
7097,1065
7098,339
7099,23
7100,339
7103,374
7104,1086
7105,374
7106,45
7107,374
7110,927
7111,531
7112,31
7113,531
7114,536
7115,24
7116,536
7119,275
7120,100
7121,924
7122,38
7123,924
7124,1083
7125,924
7128,79
7129,500
7130,555
7131,41
7132,555
7135,81
7136,180
7137,506
7138,37
7139,506
7140,1085
7141,506
7144,88
7145,941
7146,515
7147,93
7148,1035
7149,1084
7150,1035
7151,31
7152,1035
7155,725
7158,174
7159,671
7160,35
7161,671
7162,1065
7163,671
7164,1072
7165,671
7168,73
7169,909
7170,519
7171,45
7172,519
7173,540
7174,105
7177,719
7178,1085
7179,719
7180,27
7181,719
7182,1072
7183,719
7186,72
7187,1032
7188,402
7189,1077
7190,402
7191,26
7192,402
7195,82
7196,861
7197,381
7198,37
7199,381
7200,91
7201,957
7202,94
7203,246
7206,918
7207,437
7208,104
7209,774
7210,101
7211,857
7212,96
7213,1050
7214,99
7215,449
7216,94
7217,867
7218,105
7219,906
7222,71
7223,834
7224,399
7225,39
7226,399
7227,1076
7228,399
7231,77
7232,117
7233,606
7234,96
7235,156
7236,102
7237,984
7238,19
7239,984
7242,444
7243,1083
7244,444
7247,816
7248,920
7249,23
7250,920
7253,212
7254,417
7257,945
7258,726
7259,24
7260,726
7261,1071
7262,726
7265,368
7266,99
7267,842
7268,105
7269,1025
7270,1080
7271,1025
7272,25
7273,1025
7276,173
7277,521
7278,22
7279,521
7282,252
7283,404
7286,752
7287,294
7288,1064
7289,294
7292,447
7293,1076
7294,447
7297,245
7298,732
7299,1081
7300,732
7303,518
7304,27
7305,518
7308,308
7309,1068
7310,308
7313,1056
7314,689
7315,96
7316,807
7317,103
7318,768
7319,104
7320,968
7321,103
7322,155
7323,99
7324,993
7325,90
7328,585
7329,539
7330,1073
7331,539
7332,40
7333,539
7336,305
7337,39
7338,305
7341,605
7342,98
7343,749
7344,105
7345,1061
7346,91
7347,890
7348,1071
7349,890
7350,21
7351,890
7354,548
7355,40
7356,548
7359,959
7360,632
7361,91
7362,1056
7363,28
7364,1056
7365,1053
7366,34
7367,1053
7370,83
7371,867
7372,456
7373,99
7374,894
7375,93
7376,864
7377,27
7378,864
7381,85
7382,990
7383,725
7384,20
7385,725
7386,1074
7387,725
7390,527
7391,98
7392,425
7395,138
7398,86
7399,474
7400,647
7403,89
7404,905
7405,299
7408,74
7409,866
7410,333
7411,33
7412,333
7413,1068
7414,333
7417,219
7418,389
7419,1066
7420,389
7421,32
7422,389
7425,80
7426,1058
7427,353
7428,35
7429,353
7430,341
7431,42
7432,341
7435,464
7438,431
7439,153
7442,564
7443,37
7444,564
7445,1072
7446,564
7447,35
7448,564
7451,888
7452,426
7453,93
7454,267
7455,92
7456,948
7457,1084
7458,948
7459,29
7460,948
7463,377
7464,39
7465,377
7466,1086
7467,377
7468,1073
7469,377
7472,846
7473,368
7474,42
7475,368
7478,947
7479,357
7480,42
7481,357
7484,1016
7485,585
7486,25
7487,585
7488,612
7489,1070
7490,612
7493,242
7494,617
7495,44
7496,617
7497,1064
7498,617
7499,1063
7500,617
7503,807
7504,663
7505,41
7506,663
7507,660
7510,680
7511,1067
7512,680
7515,73
7516,933
7517,504
7518,1086
7519,504
7520,43
7521,504
7524,70
7525,122
7526,515
7527,103
7528,264
7529,93
7532,78
7533,459
7534,365
7537,76
7538,252
7539,614
7540,30
7541,614
7542,1063
7543,614
7546,348
7547,275
7548,21
7549,275
7550,1082
7551,275
7554,396
7555,43
7556,396
7559,264
7560,488
7563,87
7564,1007
7565,587
7566,41
7567,587
7568,1075
7569,587
7572,75
7573,960
7574,452
7575,44
7576,452
7577,1083
7578,452
7581,332
7582,40
7583,332
7584,1078
7585,332
7586,1076
7587,332
7590,72
7591,1019
7592,621
7593,25
7594,621
7595,1074
7596,621
7599,285
7600,103
7601,198
7602,99
7603,789
7606,234
7607,287
7608,29
7609,287
7610,1072
7611,287
7614,476
7615,32
7616,476
7619,84
7620,747
7621,390
7622,104
7623,840
7624,45
7625,840
7628,395
7629,19
7630,395
7631,1085
7632,395
7633,1079
7634,395
7637,270
7638,599
7639,31
7640,599
7641,585
7642,1067
7643,585
7646,224
7647,428
7648,90
7649,896
7650,93
7651,182
7652,1084
7653,182
7654,33
7655,182
7658,639
7659,95
7660,845
7661,35
7662,845
7665,959
7666,527
7667,21
7668,527
7669,1073
7670,527
7673,569
7674,22
7675,569
7676,1075
7677,569
7678,1077
7679,569
7682,410
7683,684
7684,674
7685,27
7686,674
7687,1082
7688,674
7691,932
7692,645
7693,43
7694,645
7697,1055
7698,513
7699,23
7700,513
7703,800
7704,99
7705,1059
7706,1078
7707,1059
7708,21
7709,1059
7712,77
7713,100
7714,876
7715,426
7718,81
7719,210
7720,653
7721,27
7722,653
7725,71
7726,207
7727,536
7728,94
7729,740
7730,37
7731,740
7734,79
7735,263
7736,138
7737,105
7738,156
7741,632
7742,618
7743,40
7744,618
7745,1071
7746,618
7749,88
7750,243
7751,464
7752,22
7753,464
7754,1075
7755,464
7758,82
7759,900
7760,503
7763,615
7764,33
7765,615
7766,1071
7767,615
7770,80
7771,495
7772,669
7773,1063
7774,669
7777,195
7778,350
7779,32
7780,350
7783,626
7784,26
7785,626
7786,633
7789,455
7790,36
7791,455
7792,90
7793,960
7796,837
7797,584
7798,29
7799,584
7800,1078
7801,584
7804,348
7805,43
7806,348
7807,1069
7808,348
7811,689
7812,44
7813,689
7816,85
7817,968
7818,666
7819,44
7820,666
7823,89
7824,789
7825,327
7826,1076
7827,327
7830,74
7831,572
7832,437
7833,1065
7834,437
7835,31
7836,437
7839,83
7840,179
7841,548
7842,1082
7843,548
7846,73
7847,606
7848,308
7849,42
7850,308
7851,1072
7852,308
7855,1038
7856,558
7857,45
7858,558
7859,1085
7860,558
7863,426
7864,347
7865,1079
7866,347
7867,41
7868,347
7871,86
7872,194
7873,459
7874,39
7875,459
7876,426
7877,103
7880,639
7881,34
7882,639
7885,76
7886,851
7887,500
7888,1070
7889,500
7890,29
7891,500
7894,431
7895,597
7896,98
7897,930
7898,27
7899,930
7902,75
7903,182
7904,717
7905,97
7906,747
7907,22
7908,747
7911,588
7912,101
7913,392
7914,92
7917,77
7918,734
7919,131
7920,36
7921,131
7924,417
7925,30
7926,417
7927,410
7930,72
7931,951
7932,128
7933,1075
7934,128
7935,19
7936,128
7939,70
7940,752
7941,644
7942,25
7943,644
7944,653
7947,87
7948,879
7949,387
7950,1064
7951,387
7952,26
7953,387
7956,82
7957,1041
7958,563
7959,90
7960,905
7961,25
7962,905
7965,78
7966,804
7967,600
7968,94
7969,243
7970,97
7971,1022
7974,84
7975,980
7976,111
7977,1086
7978,111
7979,35
7980,111
7983,570
7984,20
7985,570
7986,1070
7987,570
7990,536
7991,92
7992,744
7995,912
7996,410
7997,91
7998,996
7999,26
8000,996
8003,192
8004,1069
8005,192
8006,30
8007,192
8010,413
8011,36
8012,413
8013,440
8016,74
8017,323
8018,365
8019,21
8020,365
8021,360
8024,317
8025,1068
8026,317
8029,257
8030,660
8031,22
8032,660
8035,89
8036,122
8037,684
8038,1073
8039,684
8042,114
8043,698
8046,71
8047,906
8048,534
8049,1064
8050,534
8051,32
8052,534
8055,79
8056,1001
8057,312
8058,1068
8059,312
8060,104
8061,669
8064,153
8065,1074
8066,153
8067,42
8068,153
8071,336
8072,102
8073,1049
8074,1069
8075,1049
8076,45
8077,1049
8080,285
8081,1072
8082,285
8085,88
8086,870
8087,396
8088,29
8089,396
8092,360
8093,37
8094,360
8095,402
8098,81
8099,872
8100,597
8101,1070
8102,597
8103,38
8104,597
8107,494
8108,1085
8109,494
8110,33
8111,494
8114,85
8115,239
8116,428
8117,1076
8118,428
8119,23
8120,428
8123,306
8124,97
8125,243
8126,95
8127,179
8128,100
8129,419
8132,76
8133,227
8134,374
8135,27
8136,374
8137,386
8140,908
8141,561
8142,100
8143,839
8144,101
8145,879
8146,95
8147,995
8150,903
8151,690
8152,45
8153,690
8154,1079
8155,690
8158,83
8159,758
8160,341
8163,87
8164,1017
8165,405
8166,100
8167,420
8168,100
8169,956
8172,73
8173,999
8174,683
8175,34
8176,683
8179,70
8180,815
8181,537
8184,263
8185,486
8188,72
8189,447
8190,575
8191,41
8192,575
8195,86
8196,833
8197,611
8198,22
8199,611
8202,80
8203,113
8204,681
8205,96
8206,999
8209,467
8210,1081
8211,467
8212,20
8213,467
8216,1002
8217,296
8218,104
8219,453
8222,572
8223,44
8224,572
8227,212
8228,431
8229,96
8230,941
8231,104
8232,1037
8235,216
8236,573
8237,1072
8238,573
8239,36
8240,573
8243,608
8244,1079
8245,608
8248,315
8249,1063
8250,315
8253,404
8254,19
8255,404
8256,1085
8257,404
8260,672
8261,1077
8262,672
8265,474
8266,40
8267,474
8268,1080
8269,474
8272,560
8273,20
8274,560
8275,1077
8276,560
8279,359
8280,34
8281,359
8282,1068
8283,359
8286,342
8287,95
8288,837
8291,177
8292,291
8293,98
8294,866
8295,42
8296,866
8299,390
8300,92
8301,209
8302,27
8303,209
8306,85
8307,843
8308,357
8309,1064
8310,357
8313,82
8314,237
8315,678
8316,1066
8317,678
8320,84
8321,774
8322,662
8323,28
8324,662
8327,75
8328,272
8329,639
8330,105
8331,849
8334,518
8335,98
8336,909
8337,102
8338,911
8341,549
8342,32
8343,549
8346,77
8347,908
8348,456
8349,20
8350,456
8353,78
8354,960
8355,444
8356,92
8357,986
8360,711
8361,21
8362,711
8363,1084
8364,711
8367,632
8368,24
8369,632
8370,1069
8371,632
8374,753
8375,91
8376,978
8379,588
8382,79
8383,1007
8384,546
8387,713
8388,26
8389,713
8392,74
8393,990
8394,302
8395,1086
8396,302
8399,89
8400,224
8401,503
8402,99
8403,744
8406,88
8407,884
8408,146
8409,1078
8410,146
8413,76
8414,257
8415,663
8418,81
8419,1061
8420,666
8421,1085
8422,666
8425,71
8426,851
8427,645
8428,42
8429,645
8432,70
8433,918
8434,356
8435,40
8436,356
8439,939
8440,293
8441,31
8442,293
8445,107
8446,23
8447,107
8450,606
8451,101
8452,761
8455,336
8456,37
8457,336
8460,344
8461,1079
8462,344
8465,342
8466,38
8467,342
8470,386
8471,1083
8472,386
8475,473
8476,103
8477,801
8478,1079
8479,801
8482,1038
8483,419
8486,390
8489,462
8490,1074
8491,462
8492,31
8493,462
8496,117
8497,1085
8498,117
8499,41
8500,117
8503,73
8504,207
8505,606
8506,1074
8507,606
8510,80
8511,758
8512,392
8513,1081
8514,392
8517,647
8518,1072
8519,647
8522,74
8523,1001
8524,539
8525,1084
8526,539
8529,86
8530,233
8531,567
8532,33
8533,567
8536,82
8537,752
8538,405
8539,30
8540,405
8543,72
8544,849
8545,165
8546,43
8547,165
8550,87
8551,906
8552,707
8555,85
8556,947
8557,537
8558,103
8559,749
8562,83
8563,755
8564,717
8567,638
8568,1067
8569,638
8572,306
8573,1063
8574,306
8577,294
8578,656
8579,1076
8580,656
8583,330
8584,410
8587,282
8588,1052
8589,36
8590,1052
8593,305
8594,102
8595,920
8596,33
8597,920
8600,185
8601,695
8602,93
8603,891
8606,323
8607,1077
8608,323
8611,491
8612,1069
8613,491
8616,552
8617,1082
8618,552
8621,425
8622,1071
8623,425
8626,446
8627,1065
8628,446
8631,525
8632,44
8633,525
8636,563
8637,34
8638,563
8641,84
8642,833
8643,728
8644,1086
8645,728
8648,79
8649,207
8650,599
8653,89
8654,882
8655,695
8656,44
8657,695
8660,447
8661,35
8662,447
8665,75
8666,228
8667,692
8668,39
8669,692
8672,561
8673,32
8674,561
8677,88
8678,758
8679,551
8680,37
8681,551
8684,81
8685,1040
8686,710
8687,20
8688,710
8691,576
8692,40
8693,576
8696,77
8697,1046
8698,353
8699,1065
8700,353
8703,78
8704,951
8705,723
8706,22
8707,723
8710,852
8711,488
8712,98
8713,858
8716,326
8717,26
8718,326
8721,762
8722,542
8723,21
8724,542
8727,512
8730,954
8731,579
8732,38
8733,579
8736,476
8737,97
8738,815
8739,39
8740,815
8743,431
8744,39
8745,431
8748,1023
8749,519
8750,90
8751,263
8752,101
8755,368
8756,1075
8757,368
8760,461
8761,1068
8762,461
8765,915
8766,278
8767,26
8768,278
8771,279
8772,1083
8773,279
8776,70
8777,185
8778,486
8781,74
8782,888
8783,414
8784,29
8785,414
8788,76
8789,992
8790,282
8793,80
8794,257
8795,548
8798,82
8799,851
8800,609
8801,99
8802,915
8805,86
8806,875
8807,722
8808,24
8809,722
8812,72
8813,1040
8814,134
8817,71
8818,884
8819,702
8822,411
8823,45
8824,411
8827,73
8828,503
8829,626
8830,21
8831,626
8834,698
8835,23
8836,698
8839,680
8840,32
8841,680
8844,521
8845,24
8846,521
8849,198
8850,716
8851,19
8852,716
8855,899
8856,767
8857,38
8858,767
8861,1004
8862,653
8863,90
8864,960
8867,842
8868,540
8869,30
8870,540
8873,318
8874,31
8875,318
8878,89
8879,264
8880,303
8883,87
8884,857
8885,546
8888,1043
8889,309
8890,28
8891,309
8894,665
8895,28
8896,665
8899,81
8900,687
8901,159
8904,443
8905,96
8906,896
8909,85
8910,272
8911,512
8912,91
8915,290
8916,41
8917,290
8920,83
8921,285
8922,389
8925,77
8926,177
8927,663
8928,97
8931,600
8932,101
8933,878
8934,98
8937,84
8938,1005
8939,677
8942,660
8943,1066
8944,660
8947,473
8950,224
8951,713
8954,495
8955,91
8956,848
8959,338
8960,29
8961,338
8964,73
8965,258
8966,287
8969,78
8970,854
8971,696
8972,105
8975,390
8976,43
8977,390
8980,75
8981,191
8982,344
8985,88
8986,1026
8987,699
8990,76
8991,821
8992,644
8995,246
8996,639
8997,103
8998,899
9001,79
9002,804
9003,371
9004,93
9007,944
9008,444
9009,102
9010,953
9013,74
9014,989
9015,726
9018,299
9019,45
9020,299
9023,86
9024,852
9025,513
9028,746
9029,659
9032,426
9033,92
9034,198
9035,96
9038,296
9039,44
9040,296
9043,717
9044,1081
9045,717
9048,782
9049,455
9052,294
9053,27
9054,294
9057,596
9058,23
9059,596
9062,137
9063,34
9064,137
9067,468
9068,40
9069,468
9072,345
9075,519
9076,96
9077,755
9080,476
9081,35
9082,476
9085,381
9086,25
9087,381
9090,70
9091,738
9092,501
9095,81
9096,773
9097,413
9100,291
9103,71
9104,600
9105,303
9108,89
9109,870
9110,425
9113,80
9114,1019
9115,420
9118,72
9119,1023
9120,386
9121,100
9122,746
9125,82
9126,860
9127,305
9130,605
9131,95
9132,119
9135,503
9138,696
9139,92
9140,686
9143,888
9144,471
9147,189
9148,327
9151,488
9154,443
9157,449
9158,93
9159,1008
9162,549
9163,104
9164,912
9167,629
9170,314
9173,833
9174,608
9177,300
9180,83
9181,822
9182,522
9185,84
9186,176
9187,818
9190,77
9191,687
9192,732
9195,88
9196,882
9197,702
9200,701
9203,87
9204,788
9205,272
9206,92
9209,76
9210,978
9211,356
9214,85
9215,264
9216,140
9219,537
9222,417
9225,515
9228,495
9231,707
9234,86
9235,161
9236,609
9239,72
9240,752
9241,645
9244,78
9245,884
9246,675
9249,73
9250,969
9253,75
9254,689
9257,633
9260,893
9261,104
9264,89
9265,957
9268,74
9269,879
9272,82
9273,1061
9276,79
9277,245
9280,171
9281,603
9284,365
9287,483
9290,566
9293,992
9294,444
9297,807
9298,713
9301,486
9304,791
9305,666
9308,80
9311,1055
9312,276
9315,285
9318,70
9319,248
9322,555
9325,641
9328,132
9331,87
9334,81
9337,71
9340,76
9341,909
9344,519
9347,84
9348,753
9351,335
9354,473
9357,939
9358,320
9361,315
9364,216
9365,605
9368,339
9371,449
9374,981
9377,78
9380,85
9383,72
9386,77
9389,83
9392,86
9395,88
9398,1016
9401,345
9404,201
9407,1044
9410,374
